<?xml version="1.0" encoding="UTF-8"?>
<metadata xml:lang="nb"><Esri><CreaDate>20190408</CreaDate><CreaTime>20472600</CreaTime><ArcGISFormat>1.0</ArcGISFormat><SyncOnce>FALSE</SyncOnce><DataProperties><itemProps><itemName Sync="TRUE">Europe_reg4</itemName><imsContentType Sync="TRUE">002</imsContentType><itemSize Sync="TRUE">0.000</itemSize><itemLocation><linkage Sync="TRUE">file://\\home.ansatt.ntnu.no\francijb\Documents\FRAN\ERC Starting Grant\ArcGIS\Europe\Europe_reg4.shp</linkage><protocol Sync="TRUE">Local Area Network</protocol></itemLocation></itemProps><coordRef><type Sync="TRUE">Projected</type><geogcsn Sync="TRUE">GCS_ETRS_1989</geogcsn><csUnits Sync="TRUE">Linear Unit: Meter (1.000000)</csUnits><projcsn Sync="TRUE">ETRS_1989_LAEA</projcsn><peXml Sync="TRUE">&lt;ProjectedCoordinateSystem xsi:type='typens:ProjectedCoordinateSystem' xmlns:xsi='http://www.w3.org/2001/XMLSchema-instance' xmlns:xs='http://www.w3.org/2001/XMLSchema' xmlns:typens='http://www.esri.com/schemas/ArcGIS/10.6'&gt;&lt;WKT&gt;PROJCS[&amp;quot;ETRS_1989_LAEA&amp;quot;,GEOGCS[&amp;quot;GCS_ETRS_1989&amp;quot;,DATUM[&amp;quot;D_ETRS_1989&amp;quot;,SPHEROID[&amp;quot;GRS_1980&amp;quot;,6378137.0,298.257222101]],PRIMEM[&amp;quot;Greenwich&amp;quot;,0.0],UNIT[&amp;quot;Degree&amp;quot;,0.0174532925199433]],PROJECTION[&amp;quot;Lambert_Azimuthal_Equal_Area&amp;quot;],PARAMETER[&amp;quot;False_Easting&amp;quot;,4321000.0],PARAMETER[&amp;quot;False_Northing&amp;quot;,3210000.0],PARAMETER[&amp;quot;Central_Meridian&amp;quot;,10.0],PARAMETER[&amp;quot;Latitude_Of_Origin&amp;quot;,52.0],UNIT[&amp;quot;Meter&amp;quot;,1.0],AUTHORITY[&amp;quot;EPSG&amp;quot;,3035]]&lt;/WKT&gt;&lt;XOrigin&gt;-8426600&lt;/XOrigin&gt;&lt;YOrigin&gt;-9526700&lt;/YOrigin&gt;&lt;XYScale&gt;353290001.83332509&lt;/XYScale&gt;&lt;ZOrigin&gt;-100000&lt;/ZOrigin&gt;&lt;ZScale&gt;10000&lt;/ZScale&gt;&lt;MOrigin&gt;-100000&lt;/MOrigin&gt;&lt;MScale&gt;10000&lt;/MScale&gt;&lt;XYTolerance&gt;0.001&lt;/XYTolerance&gt;&lt;ZTolerance&gt;0.001&lt;/ZTolerance&gt;&lt;MTolerance&gt;0.001&lt;/MTolerance&gt;&lt;HighPrecision&gt;true&lt;/HighPrecision&gt;&lt;WKID&gt;3035&lt;/WKID&gt;&lt;LatestWKID&gt;3035&lt;/LatestWKID&gt;&lt;/ProjectedCoordinateSystem&gt;</peXml></coordRef><lineage><Process ToolSource="c:\program files (x86)\arcgis\desktop10.6\ArcToolbox\Toolboxes\Data Management Tools.tbx\Dissolve" Date="20190408" Time="204732">Dissolve Oesterreich_1880_no_cities "\\home.ansatt.ntnu.no\francijb\Documents\FRAN\ERC Starting Grant\ArcGIS\Austro_Hungary\Oesterreich_1880_no_cities_adj.shp" NAME # MULTI_PART DISSOLVE_LINES</Process><Process Name="Merge" ToolSource="c:\program files (x86)\arcgis\desktop10.6\ArcToolbox\Toolboxes\Data Management Tools.tbx\Merge" Date="20190409" Time="102351">Merge '\\home.ansatt.ntnu.no\francijb\Documents\FRAN\ERC Starting Grant\ArcGIS\Austro_Hungary\Oesterreich_1880_no_cities_adj.shp';'\\home.ansatt.ntnu.no\francijb\Documents\FRAN\ERC Starting Grant\ArcGIS\Austro_Hungary\Hungary_1881_adj.shp';'\\home.ansatt.ntnu.no\francijb\Documents\FRAN\ERC Starting Grant\ArcGIS\Belgium\Belgium_1856.shp';'\\home.ansatt.ntnu.no\francijb\Documents\FRAN\ERC Starting Grant\ArcGIS\Bulgaria\Bulgaria_1880_districts_adj.shp';'\\home.ansatt.ntnu.no\francijb\Documents\FRAN\ERC Starting Grant\ArcGIS\Finland\Finland_1881.shp';'\\home.ansatt.ntnu.no\francijb\Documents\FRAN\ERC Starting Grant\ArcGIS\France\France_adm_2_1881_adj.shp';'\\home.ansatt.ntnu.no\francijb\Documents\FRAN\ERC Starting Grant\ArcGIS\Germany\Germany_1880_adj.shp';'\\home.ansatt.ntnu.no\francijb\Documents\FRAN\ERC Starting Grant\ArcGIS\Greece\Greece_1880_region.shp';'\\home.ansatt.ntnu.no\francijb\Documents\FRAN\ERC Starting Grant\ArcGIS\Italy\1881\1881_Italia_adj.shp';'\\home.ansatt.ntnu.no\francijb\Documents\FRAN\ERC Starting Grant\ArcGIS\Netherlands\Netherlands_adm_1_1869.shp';'\\home.ansatt.ntnu.no\francijb\Documents\FRAN\ERC Starting Grant\ArcGIS\Norway\Norway_1875_prov.shp';'\\home.ansatt.ntnu.no\francijb\Documents\FRAN\ERC Starting Grant\ArcGIS\Portugal\Portugal_1878_adj.shp';'\\home.ansatt.ntnu.no\francijb\Documents\FRAN\ERC Starting Grant\ArcGIS\Spain\Spain_adm_2.shp';'\\home.ansatt.ntnu.no\francijb\Documents\FRAN\ERC Starting Grant\ArcGIS\Sweden\Sweden_hgis.shp';'\\home.ansatt.ntnu.no\francijb\Documents\FRAN\ERC Starting Grant\ArcGIS\Switzerland\Switzerland_1880_adj.shp';'\\home.ansatt.ntnu.no\francijb\Documents\FRAN\ERC Starting Grant\ArcGIS\UK\UK_1851_1881.shp' "\\home.ansatt.ntnu.no\francijb\Documents\FRAN\ERC Starting Grant\ArcGIS\Europe\Europe_reg.shp" "NAME "NAME" true true false 24 Text 0 0 ,First,#,\\home.ansatt.ntnu.no\francijb\Documents\FRAN\ERC Starting Grant\ArcGIS\Austro_Hungary\Oesterreich_1880_no_cities_adj.shp,NAME,-1,-1,\\home.ansatt.ntnu.no\francijb\Documents\FRAN\ERC Starting Grant\ArcGIS\Austro_Hungary\Hungary_1881_adj.shp,NAME,-1,-1;NAME_2 "NAME_2" true true false 75 Text 0 0 ,First,#,\\home.ansatt.ntnu.no\francijb\Documents\FRAN\ERC Starting Grant\ArcGIS\Belgium\Belgium_1856.shp,NAME_2,-1,-1;districts "districts" true true false 254 Text 0 0 ,First,#,\\home.ansatt.ntnu.no\francijb\Documents\FRAN\ERC Starting Grant\ArcGIS\Bulgaria\Bulgaria_1880_districts_adj.shp,districts,-1,-1;OBJECTID "OBJECTID" true true false 10 Long 0 10 ,First,#,\\home.ansatt.ntnu.no\francijb\Documents\FRAN\ERC Starting Grant\ArcGIS\Finland\Finland_1881.shp,OBJECTID,-1,-1,\\home.ansatt.ntnu.no\francijb\Documents\FRAN\ERC Starting Grant\ArcGIS\Norway\Norway_1875_prov.shp,OBJECTID,-1,-1,\\home.ansatt.ntnu.no\francijb\Documents\FRAN\ERC Starting Grant\ArcGIS\Spain\Spain_adm_2.shp,OBJECTID,-1,-1;ID_0 "ID_0" true true false 10 Long 0 10 ,First,#,\\home.ansatt.ntnu.no\francijb\Documents\FRAN\ERC Starting Grant\ArcGIS\Finland\Finland_1881.shp,ID_0,-1,-1,\\home.ansatt.ntnu.no\francijb\Documents\FRAN\ERC Starting Grant\ArcGIS\Norway\Norway_1875_prov.shp,ID_0,-1,-1;ISO "ISO" true true false 3 Text 0 0 ,First,#,\\home.ansatt.ntnu.no\francijb\Documents\FRAN\ERC Starting Grant\ArcGIS\Finland\Finland_1881.shp,ISO,-1,-1,\\home.ansatt.ntnu.no\francijb\Documents\FRAN\ERC Starting Grant\ArcGIS\Norway\Norway_1875_prov.shp,ISO,-1,-1;NAME_ENGLI "NAME_ENGLI" true true false 50 Text 0 0 ,First,#,\\home.ansatt.ntnu.no\francijb\Documents\FRAN\ERC Starting Grant\ArcGIS\Finland\Finland_1881.shp,NAME_ENGLI,-1,-1;NAME_ISO "NAME_ISO" true true false 54 Text 0 0 ,First,#,\\home.ansatt.ntnu.no\francijb\Documents\FRAN\ERC Starting Grant\ArcGIS\Finland\Finland_1881.shp,NAME_ISO,-1,-1;NAME_FAO "NAME_FAO" true true false 50 Text 0 0 ,First,#,\\home.ansatt.ntnu.no\francijb\Documents\FRAN\ERC Starting Grant\ArcGIS\Finland\Finland_1881.shp,NAME_FAO,-1,-1;NAME_LOCAL "NAME_LOCAL" true true false 54 Text 0 0 ,First,#,\\home.ansatt.ntnu.no\francijb\Documents\FRAN\ERC Starting Grant\ArcGIS\Finland\Finland_1881.shp,NAME_LOCAL,-1,-1;NAME_OBSOL "NAME_OBSOL" true true false 150 Text 0 0 ,First,#,\\home.ansatt.ntnu.no\francijb\Documents\FRAN\ERC Starting Grant\ArcGIS\Finland\Finland_1881.shp,NAME_OBSOL,-1,-1;NAME_VARIA "NAME_VARIA" true true false 160 Text 0 0 ,First,#,\\home.ansatt.ntnu.no\francijb\Documents\FRAN\ERC Starting Grant\ArcGIS\Finland\Finland_1881.shp,NAME_VARIA,-1,-1;NAME_NONLA "NAME_NONLA" true true false 50 Text 0 0 ,First,#,\\home.ansatt.ntnu.no\francijb\Documents\FRAN\ERC Starting Grant\ArcGIS\Finland\Finland_1881.shp,NAME_NONLA,-1,-1;NAME_FRENC "NAME_FRENC" true true false 50 Text 0 0 ,First,#,\\home.ansatt.ntnu.no\francijb\Documents\FRAN\ERC Starting Grant\ArcGIS\Finland\Finland_1881.shp,NAME_FRENC,-1,-1;NAME_SPANI "NAME_SPANI" true true false 50 Text 0 0 ,First,#,\\home.ansatt.ntnu.no\francijb\Documents\FRAN\ERC Starting Grant\ArcGIS\Finland\Finland_1881.shp,NAME_SPANI,-1,-1;NAME_RUSSI "NAME_RUSSI" true true false 50 Text 0 0 ,First,#,\\home.ansatt.ntnu.no\francijb\Documents\FRAN\ERC Starting Grant\ArcGIS\Finland\Finland_1881.shp,NAME_RUSSI,-1,-1;NAME_ARABI "NAME_ARABI" true true false 50 Text 0 0 ,First,#,\\home.ansatt.ntnu.no\francijb\Documents\FRAN\ERC Starting Grant\ArcGIS\Finland\Finland_1881.shp,NAME_ARABI,-1,-1;NAME_CHINE "NAME_CHINE" true true false 50 Text 0 0 ,First,#,\\home.ansatt.ntnu.no\francijb\Documents\FRAN\ERC Starting Grant\ArcGIS\Finland\Finland_1881.shp,NAME_CHINE,-1,-1;WASPARTOF "WASPARTOF" true true false 100 Text 0 0 ,First,#,\\home.ansatt.ntnu.no\francijb\Documents\FRAN\ERC Starting Grant\ArcGIS\Finland\Finland_1881.shp,WASPARTOF,-1,-1;CONTAINS "CONTAINS" true true false 50 Text 0 0 ,First,#,\\home.ansatt.ntnu.no\francijb\Documents\FRAN\ERC Starting Grant\ArcGIS\Finland\Finland_1881.shp,CONTAINS,-1,-1;SOVEREIGN "SOVEREIGN" true true false 40 Text 0 0 ,First,#,\\home.ansatt.ntnu.no\francijb\Documents\FRAN\ERC Starting Grant\ArcGIS\Finland\Finland_1881.shp,SOVEREIGN,-1,-1;ISO2 "ISO2" true true false 4 Text 0 0 ,First,#,\\home.ansatt.ntnu.no\francijb\Documents\FRAN\ERC Starting Grant\ArcGIS\Finland\Finland_1881.shp,ISO2,-1,-1;WWW "WWW" true true false 2 Text 0 0 ,First,#,\\home.ansatt.ntnu.no\francijb\Documents\FRAN\ERC Starting Grant\ArcGIS\Finland\Finland_1881.shp,WWW,-1,-1;FIPS "FIPS" true true false 6 Text 0 0 ,First,#,\\home.ansatt.ntnu.no\francijb\Documents\FRAN\ERC Starting Grant\ArcGIS\Finland\Finland_1881.shp,FIPS,-1,-1;ISON "ISON" true true false 19 Double 0 0 ,First,#,\\home.ansatt.ntnu.no\francijb\Documents\FRAN\ERC Starting Grant\ArcGIS\Finland\Finland_1881.shp,ISON,-1,-1;VALIDFR "VALIDFR" true true false 12 Text 0 0 ,First,#,\\home.ansatt.ntnu.no\francijb\Documents\FRAN\ERC Starting Grant\ArcGIS\Finland\Finland_1881.shp,VALIDFR,-1,-1;VALIDTO "VALIDTO" true true false 10 Text 0 0 ,First,#,\\home.ansatt.ntnu.no\francijb\Documents\FRAN\ERC Starting Grant\ArcGIS\Finland\Finland_1881.shp,VALIDTO,-1,-1;POP2000 "POP2000" true true false 19 Double 0 0 ,First,#,\\home.ansatt.ntnu.no\francijb\Documents\FRAN\ERC Starting Grant\ArcGIS\Finland\Finland_1881.shp,POP2000,-1,-1;SQKM "SQKM" true true false 19 Double 0 0 ,First,#,\\home.ansatt.ntnu.no\francijb\Documents\FRAN\ERC Starting Grant\ArcGIS\Finland\Finland_1881.shp,SQKM,-1,-1;POPSQKM "POPSQKM" true true false 19 Double 0 0 ,First,#,\\home.ansatt.ntnu.no\francijb\Documents\FRAN\ERC Starting Grant\ArcGIS\Finland\Finland_1881.shp,POPSQKM,-1,-1;UNREGION1 "UNREGION1" true true false 254 Text 0 0 ,First,#,\\home.ansatt.ntnu.no\francijb\Documents\FRAN\ERC Starting Grant\ArcGIS\Finland\Finland_1881.shp,UNREGION1,-1,-1;UNREGION2 "UNREGION2" true true false 254 Text 0 0 ,First,#,\\home.ansatt.ntnu.no\francijb\Documents\FRAN\ERC Starting Grant\ArcGIS\Finland\Finland_1881.shp,UNREGION2,-1,-1;DEVELOPING "DEVELOPING" true true false 19 Double 0 0 ,First,#,\\home.ansatt.ntnu.no\francijb\Documents\FRAN\ERC Starting Grant\ArcGIS\Finland\Finland_1881.shp,DEVELOPING,-1,-1;CIS "CIS" true true false 19 Double 0 0 ,First,#,\\home.ansatt.ntnu.no\francijb\Documents\FRAN\ERC Starting Grant\ArcGIS\Finland\Finland_1881.shp,CIS,-1,-1;Transition "Transition" true true false 19 Double 0 0 ,First,#,\\home.ansatt.ntnu.no\francijb\Documents\FRAN\ERC Starting Grant\ArcGIS\Finland\Finland_1881.shp,Transition,-1,-1;OECD "OECD" true true false 19 Double 0 0 ,First,#,\\home.ansatt.ntnu.no\francijb\Documents\FRAN\ERC Starting Grant\ArcGIS\Finland\Finland_1881.shp,OECD,-1,-1;WBREGION "WBREGION" true true false 254 Text 0 0 ,First,#,\\home.ansatt.ntnu.no\francijb\Documents\FRAN\ERC Starting Grant\ArcGIS\Finland\Finland_1881.shp,WBREGION,-1,-1;WBINCOME "WBINCOME" true true false 254 Text 0 0 ,First,#,\\home.ansatt.ntnu.no\francijb\Documents\FRAN\ERC Starting Grant\ArcGIS\Finland\Finland_1881.shp,WBINCOME,-1,-1;WBDEBT "WBDEBT" true true false 254 Text 0 0 ,First,#,\\home.ansatt.ntnu.no\francijb\Documents\FRAN\ERC Starting Grant\ArcGIS\Finland\Finland_1881.shp,WBDEBT,-1,-1;WBOTHER "WBOTHER" true true false 254 Text 0 0 ,First,#,\\home.ansatt.ntnu.no\francijb\Documents\FRAN\ERC Starting Grant\ArcGIS\Finland\Finland_1881.shp,WBOTHER,-1,-1;CEEAC "CEEAC" true true false 19 Double 0 0 ,First,#,\\home.ansatt.ntnu.no\francijb\Documents\FRAN\ERC Starting Grant\ArcGIS\Finland\Finland_1881.shp,CEEAC,-1,-1;CEMAC "CEMAC" true true false 19 Double 0 0 ,First,#,\\home.ansatt.ntnu.no\francijb\Documents\FRAN\ERC Starting Grant\ArcGIS\Finland\Finland_1881.shp,CEMAC,-1,-1;CEPLG "CEPLG" true true false 19 Double 0 0 ,First,#,\\home.ansatt.ntnu.no\francijb\Documents\FRAN\ERC Starting Grant\ArcGIS\Finland\Finland_1881.shp,CEPLG,-1,-1;COMESA "COMESA" true true false 19 Double 0 0 ,First,#,\\home.ansatt.ntnu.no\francijb\Documents\FRAN\ERC Starting Grant\ArcGIS\Finland\Finland_1881.shp,COMESA,-1,-1;EAC "EAC" true true false 19 Double 0 0 ,First,#,\\home.ansatt.ntnu.no\francijb\Documents\FRAN\ERC Starting Grant\ArcGIS\Finland\Finland_1881.shp,EAC,-1,-1;ECOWAS "ECOWAS" true true false 19 Double 0 0 ,First,#,\\home.ansatt.ntnu.no\francijb\Documents\FRAN\ERC Starting Grant\ArcGIS\Finland\Finland_1881.shp,ECOWAS,-1,-1;IGAD "IGAD" true true false 19 Double 0 0 ,First,#,\\home.ansatt.ntnu.no\francijb\Documents\FRAN\ERC Starting Grant\ArcGIS\Finland\Finland_1881.shp,IGAD,-1,-1;IOC "IOC" true true false 19 Double 0 0 ,First,#,\\home.ansatt.ntnu.no\francijb\Documents\FRAN\ERC Starting Grant\ArcGIS\Finland\Finland_1881.shp,IOC,-1,-1;MRU "MRU" true true false 19 Double 0 0 ,First,#,\\home.ansatt.ntnu.no\francijb\Documents\FRAN\ERC Starting Grant\ArcGIS\Finland\Finland_1881.shp,MRU,-1,-1;SACU "SACU" true true false 19 Double 0 0 ,First,#,\\home.ansatt.ntnu.no\francijb\Documents\FRAN\ERC Starting Grant\ArcGIS\Finland\Finland_1881.shp,SACU,-1,-1;UEMOA "UEMOA" true true false 19 Double 0 0 ,First,#,\\home.ansatt.ntnu.no\francijb\Documents\FRAN\ERC Starting Grant\ArcGIS\Finland\Finland_1881.shp,UEMOA,-1,-1;UMA "UMA" true true false 19 Double 0 0 ,First,#,\\home.ansatt.ntnu.no\francijb\Documents\FRAN\ERC Starting Grant\ArcGIS\Finland\Finland_1881.shp,UMA,-1,-1;PALOP "PALOP" true true false 19 Double 0 0 ,First,#,\\home.ansatt.ntnu.no\francijb\Documents\FRAN\ERC Starting Grant\ArcGIS\Finland\Finland_1881.shp,PALOP,-1,-1;PARTA "PARTA" true true false 19 Double 0 0 ,First,#,\\home.ansatt.ntnu.no\francijb\Documents\FRAN\ERC Starting Grant\ArcGIS\Finland\Finland_1881.shp,PARTA,-1,-1;CACM "CACM" true true false 19 Double 0 0 ,First,#,\\home.ansatt.ntnu.no\francijb\Documents\FRAN\ERC Starting Grant\ArcGIS\Finland\Finland_1881.shp,CACM,-1,-1;EurAsEC "EurAsEC" true true false 19 Double 0 0 ,First,#,\\home.ansatt.ntnu.no\francijb\Documents\FRAN\ERC Starting Grant\ArcGIS\Finland\Finland_1881.shp,EurAsEC,-1,-1;Agadir "Agadir" true true false 19 Double 0 0 ,First,#,\\home.ansatt.ntnu.no\francijb\Documents\FRAN\ERC Starting Grant\ArcGIS\Finland\Finland_1881.shp,Agadir,-1,-1;SAARC "SAARC" true true false 19 Double 0 0 ,First,#,\\home.ansatt.ntnu.no\francijb\Documents\FRAN\ERC Starting Grant\ArcGIS\Finland\Finland_1881.shp,SAARC,-1,-1;ASEAN "ASEAN" true true false 19 Double 0 0 ,First,#,\\home.ansatt.ntnu.no\francijb\Documents\FRAN\ERC Starting Grant\ArcGIS\Finland\Finland_1881.shp,ASEAN,-1,-1;NAFTA "NAFTA" true true false 19 Double 0 0 ,First,#,\\home.ansatt.ntnu.no\francijb\Documents\FRAN\ERC Starting Grant\ArcGIS\Finland\Finland_1881.shp,NAFTA,-1,-1;GCC "GCC" true true false 19 Double 0 0 ,First,#,\\home.ansatt.ntnu.no\francijb\Documents\FRAN\ERC Starting Grant\ArcGIS\Finland\Finland_1881.shp,GCC,-1,-1;CSN "CSN" true true false 19 Double 0 0 ,First,#,\\home.ansatt.ntnu.no\francijb\Documents\FRAN\ERC Starting Grant\ArcGIS\Finland\Finland_1881.shp,CSN,-1,-1;CARICOM "CARICOM" true true false 19 Double 0 0 ,First,#,\\home.ansatt.ntnu.no\francijb\Documents\FRAN\ERC Starting Grant\ArcGIS\Finland\Finland_1881.shp,CARICOM,-1,-1;EU "EU" true true false 19 Double 0 0 ,First,#,\\home.ansatt.ntnu.no\francijb\Documents\FRAN\ERC Starting Grant\ArcGIS\Finland\Finland_1881.shp,EU,-1,-1;CAN "CAN" true true false 19 Double 0 0 ,First,#,\\home.ansatt.ntnu.no\francijb\Documents\FRAN\ERC Starting Grant\ArcGIS\Finland\Finland_1881.shp,CAN,-1,-1;ACP "ACP" true true false 19 Double 0 0 ,First,#,\\home.ansatt.ntnu.no\francijb\Documents\FRAN\ERC Starting Grant\ArcGIS\Finland\Finland_1881.shp,ACP,-1,-1;Landlocked "Landlocked" true true false 19 Double 0 0 ,First,#,\\home.ansatt.ntnu.no\francijb\Documents\FRAN\ERC Starting Grant\ArcGIS\Finland\Finland_1881.shp,Landlocked,-1,-1;AOSIS "AOSIS" true true false 19 Double 0 0 ,First,#,\\home.ansatt.ntnu.no\francijb\Documents\FRAN\ERC Starting Grant\ArcGIS\Finland\Finland_1881.shp,AOSIS,-1,-1;SIDS "SIDS" true true false 19 Double 0 0 ,First,#,\\home.ansatt.ntnu.no\francijb\Documents\FRAN\ERC Starting Grant\ArcGIS\Finland\Finland_1881.shp,SIDS,-1,-1;Islands "Islands" true true false 19 Double 0 0 ,First,#,\\home.ansatt.ntnu.no\francijb\Documents\FRAN\ERC Starting Grant\ArcGIS\Finland\Finland_1881.shp,Islands,-1,-1;LDC "LDC" true true false 19 Double 0 0 ,First,#,\\home.ansatt.ntnu.no\francijb\Documents\FRAN\ERC Starting Grant\ArcGIS\Finland\Finland_1881.shp,LDC,-1,-1;Shape_Leng "Shape_Leng" true true false 19 Double 0 0 ,First,#,\\home.ansatt.ntnu.no\francijb\Documents\FRAN\ERC Starting Grant\ArcGIS\Finland\Finland_1881.shp,Shape_Leng,-1,-1,\\home.ansatt.ntnu.no\francijb\Documents\FRAN\ERC Starting Grant\ArcGIS\Norway\Norway_1875_prov.shp,Shape_Leng,-1,-1,\\home.ansatt.ntnu.no\francijb\Documents\FRAN\ERC Starting Grant\ArcGIS\Spain\Spain_adm_2.shp,Shape_Leng,-1,-1;Shape_Area "Shape_Area" true true false 19 Double 0 0 ,First,#,\\home.ansatt.ntnu.no\francijb\Documents\FRAN\ERC Starting Grant\ArcGIS\Finland\Finland_1881.shp,Shape_Area,-1,-1,\\home.ansatt.ntnu.no\francijb\Documents\FRAN\ERC Starting Grant\ArcGIS\Norway\Norway_1875_prov.shp,Shape_Area,-1,-1,\\home.ansatt.ntnu.no\francijb\Documents\FRAN\ERC Starting Grant\ArcGIS\Spain\Spain_adm_2.shp,Shape_Area,-1,-1;TYPE_3 "TYPE_3" true true false 50 Text 0 0 ,First,#,\\home.ansatt.ntnu.no\francijb\Documents\FRAN\ERC Starting Grant\ArcGIS\France\France_adm_2_1881_adj.shp,TYPE_3,-1,-1;HAUPTSTADT "HAUPTSTADT" true true false 50 Text 0 0 ,First,#,\\home.ansatt.ntnu.no\francijb\Documents\FRAN\ERC Starting Grant\ArcGIS\Germany\Germany_1880_adj.shp,HAUPTSTADT,-1,-1;NAME_0 "NAME_0" true true false 75 Text 0 0 ,First,#,\\home.ansatt.ntnu.no\francijb\Documents\FRAN\ERC Starting Grant\ArcGIS\Germany\Germany_1880_adj.shp,NAME_0,-1,-1,\\home.ansatt.ntnu.no\francijb\Documents\FRAN\ERC Starting Grant\ArcGIS\Norway\Norway_1875_prov.shp,NAME_0,-1,-1;Sheet1__re "Sheet1__re" true true false 254 Text 0 0 ,First,#,\\home.ansatt.ntnu.no\francijb\Documents\FRAN\ERC Starting Grant\ArcGIS\Greece\Greece_1880_region.shp,Sheet1__re,-1,-1;COD_PROV "COD_PROV" true true false 19 Double 0 0 ,First,#,\\home.ansatt.ntnu.no\francijb\Documents\FRAN\ERC Starting Grant\ArcGIS\Italy\1881\1881_Italia_adj.shp,COD_PROV,-1,-1;NOME_PROV "NOME_PROV" true true false 254 Text 0 0 ,First,#,\\home.ansatt.ntnu.no\francijb\Documents\FRAN\ERC Starting Grant\ArcGIS\Italy\1881\1881_Italia_adj.shp,NOME_PROV,-1,-1;SIGLA "SIGLA" true true false 254 Text 0 0 ,First,#,\\home.ansatt.ntnu.no\francijb\Documents\FRAN\ERC Starting Grant\ArcGIS\Italy\1881\1881_Italia_adj.shp,SIGLA,-1,-1;NAME_1 "NAME_1" true true false 75 Text 0 0 ,First,#,\\home.ansatt.ntnu.no\francijb\Documents\FRAN\ERC Starting Grant\ArcGIS\Netherlands\Netherlands_adm_1_1869.shp,NAME_1,-1,-1,\\home.ansatt.ntnu.no\francijb\Documents\FRAN\ERC Starting Grant\ArcGIS\Norway\Norway_1875_prov.shp,NAME_1,-1,-1,\\home.ansatt.ntnu.no\francijb\Documents\FRAN\ERC Starting Grant\ArcGIS\Portugal\Portugal_1878_adj.shp,NAME_1,-1,-1,\\home.ansatt.ntnu.no\francijb\Documents\FRAN\ERC Starting Grant\ArcGIS\Switzerland\Switzerland_1880_adj.shp,NAME_1,-1,-1;region "region" true true false 10 Text 0 0 ,First,#,\\home.ansatt.ntnu.no\francijb\Documents\FRAN\ERC Starting Grant\ArcGIS\Netherlands\Netherlands_adm_1_1869.shp,region,-1,-1;ID_1 "ID_1" true true false 10 Long 0 10 ,First,#,\\home.ansatt.ntnu.no\francijb\Documents\FRAN\ERC Starting Grant\ArcGIS\Norway\Norway_1875_prov.shp,ID_1,-1,-1;HASC_1 "HASC_1" true true false 15 Text 0 0 ,First,#,\\home.ansatt.ntnu.no\francijb\Documents\FRAN\ERC Starting Grant\ArcGIS\Norway\Norway_1875_prov.shp,HASC_1,-1,-1;CCN_1 "CCN_1" true true false 10 Long 0 10 ,First,#,\\home.ansatt.ntnu.no\francijb\Documents\FRAN\ERC Starting Grant\ArcGIS\Norway\Norway_1875_prov.shp,CCN_1,-1,-1;CCA_1 "CCA_1" true true false 254 Text 0 0 ,First,#,\\home.ansatt.ntnu.no\francijb\Documents\FRAN\ERC Starting Grant\ArcGIS\Norway\Norway_1875_prov.shp,CCA_1,-1,-1;TYPE_1 "TYPE_1" true true false 50 Text 0 0 ,First,#,\\home.ansatt.ntnu.no\francijb\Documents\FRAN\ERC Starting Grant\ArcGIS\Norway\Norway_1875_prov.shp,TYPE_1,-1,-1;ENGTYPE_1 "ENGTYPE_1" true true false 50 Text 0 0 ,First,#,\\home.ansatt.ntnu.no\francijb\Documents\FRAN\ERC Starting Grant\ArcGIS\Norway\Norway_1875_prov.shp,ENGTYPE_1,-1,-1;NL_NAME_1 "NL_NAME_1" true true false 50 Text 0 0 ,First,#,\\home.ansatt.ntnu.no\francijb\Documents\FRAN\ERC Starting Grant\ArcGIS\Norway\Norway_1875_prov.shp,NL_NAME_1,-1,-1;VARNAME_1 "VARNAME_1" true true false 150 Text 0 0 ,First,#,\\home.ansatt.ntnu.no\francijb\Documents\FRAN\ERC Starting Grant\ArcGIS\Norway\Norway_1875_prov.shp,VARNAME_1,-1,-1;TYPE_2 "TYPE_2" true true false 50 Text 0 0 ,First,#,\\home.ansatt.ntnu.no\francijb\Documents\FRAN\ERC Starting Grant\ArcGIS\Spain\Spain_adm_2.shp,TYPE_2,-1,-1;LNKOD "LNKOD" true true false 2 Text 0 0 ,First,#,\\home.ansatt.ntnu.no\francijb\Documents\FRAN\ERC Starting Grant\ArcGIS\Sweden\Sweden_hgis.shp,LNKOD,-1,-1;LNNAMN "LNNAMN" true true false 20 Text 0 0 ,First,#,\\home.ansatt.ntnu.no\francijb\Documents\FRAN\ERC Starting Grant\ArcGIS\Sweden\Sweden_hgis.shp,LNNAMN,-1,-1;BEF96 "BEF96" true true false 19 Double 0 0 ,First,#,\\home.ansatt.ntnu.no\francijb\Documents\FRAN\ERC Starting Grant\ArcGIS\Sweden\Sweden_hgis.shp,BEF96,-1,-1;NUTS3 "NUTS3" true true false 5 Text 0 0 ,First,#,\\home.ansatt.ntnu.no\francijb\Documents\FRAN\ERC Starting Grant\ArcGIS\Sweden\Sweden_hgis.shp,NUTS3,-1,-1;COUNTY "COUNTY" true true false 50 Text 0 0 ,First,#,\\home.ansatt.ntnu.no\francijb\Documents\FRAN\ERC Starting Grant\ArcGIS\UK\UK_1851_1881.shp,COUNTY,-1,-1"</Process><Process ToolSource="c:\program files (x86)\arcgis\desktop10.6\ArcToolbox\Toolboxes\Data Management Tools.tbx\Merge" Date="20190410" Time="112231">Merge Europe_reg;Serbia_1890_adj "\\home.ansatt.ntnu.no\francijb\Documents\FRAN\ERC Starting Grant\ArcGIS\Europe\Europe_reg2.shp" "NAME "NAME" true true false 24 Text 0 0 ,First,#,Europe_reg,NAME,-1,-1;NAME_2 "NAME_2" true true false 75 Text 0 0 ,First,#,Europe_reg,NAME_2,-1,-1;districts "districts" true true false 254 Text 0 0 ,First,#,Europe_reg,districts,-1,-1;OBJECTID "OBJECTID" true true false 10 Long 0 10 ,First,#,Europe_reg,OBJECTID,-1,-1;ID_0 "ID_0" true true false 10 Long 0 10 ,First,#,Europe_reg,ID_0,-1,-1;ISO "ISO" true true false 3 Text 0 0 ,First,#,Europe_reg,ISO,-1,-1;NAME_ENGLI "NAME_ENGLI" true true false 50 Text 0 0 ,First,#,Europe_reg,NAME_ENGLI,-1,-1;NAME_ISO "NAME_ISO" true true false 54 Text 0 0 ,First,#,Europe_reg,NAME_ISO,-1,-1;NAME_FAO "NAME_FAO" true true false 50 Text 0 0 ,First,#,Europe_reg,NAME_FAO,-1,-1;NAME_LOCAL "NAME_LOCAL" true true false 54 Text 0 0 ,First,#,Europe_reg,NAME_LOCAL,-1,-1;NAME_OBSOL "NAME_OBSOL" true true false 150 Text 0 0 ,First,#,Europe_reg,NAME_OBSOL,-1,-1;NAME_VARIA "NAME_VARIA" true true false 160 Text 0 0 ,First,#,Europe_reg,NAME_VARIA,-1,-1;NAME_NONLA "NAME_NONLA" true true false 50 Text 0 0 ,First,#,Europe_reg,NAME_NONLA,-1,-1;NAME_FRENC "NAME_FRENC" true true false 50 Text 0 0 ,First,#,Europe_reg,NAME_FRENC,-1,-1;NAME_SPANI "NAME_SPANI" true true false 50 Text 0 0 ,First,#,Europe_reg,NAME_SPANI,-1,-1;NAME_RUSSI "NAME_RUSSI" true true false 50 Text 0 0 ,First,#,Europe_reg,NAME_RUSSI,-1,-1;NAME_ARABI "NAME_ARABI" true true false 50 Text 0 0 ,First,#,Europe_reg,NAME_ARABI,-1,-1;NAME_CHINE "NAME_CHINE" true true false 50 Text 0 0 ,First,#,Europe_reg,NAME_CHINE,-1,-1;WASPARTOF "WASPARTOF" true true false 100 Text 0 0 ,First,#,Europe_reg,WASPARTOF,-1,-1;CONTAINS "CONTAINS" true true false 50 Text 0 0 ,First,#,Europe_reg,CONTAINS,-1,-1;SOVEREIGN "SOVEREIGN" true true false 40 Text 0 0 ,First,#,Europe_reg,SOVEREIGN,-1,-1;ISO2 "ISO2" true true false 4 Text 0 0 ,First,#,Europe_reg,ISO2,-1,-1;WWW "WWW" true true false 2 Text 0 0 ,First,#,Europe_reg,WWW,-1,-1;FIPS "FIPS" true true false 6 Text 0 0 ,First,#,Europe_reg,FIPS,-1,-1;ISON "ISON" true true false 19 Double 0 0 ,First,#,Europe_reg,ISON,-1,-1;VALIDFR "VALIDFR" true true false 12 Text 0 0 ,First,#,Europe_reg,VALIDFR,-1,-1;VALIDTO "VALIDTO" true true false 10 Text 0 0 ,First,#,Europe_reg,VALIDTO,-1,-1;POP2000 "POP2000" true true false 19 Double 0 0 ,First,#,Europe_reg,POP2000,-1,-1;SQKM "SQKM" true true false 19 Double 0 0 ,First,#,Europe_reg,SQKM,-1,-1;POPSQKM "POPSQKM" true true false 19 Double 0 0 ,First,#,Europe_reg,POPSQKM,-1,-1;UNREGION1 "UNREGION1" true true false 254 Text 0 0 ,First,#,Europe_reg,UNREGION1,-1,-1;UNREGION2 "UNREGION2" true true false 254 Text 0 0 ,First,#,Europe_reg,UNREGION2,-1,-1;DEVELOPING "DEVELOPING" true true false 19 Double 0 0 ,First,#,Europe_reg,DEVELOPING,-1,-1;CIS "CIS" true true false 19 Double 0 0 ,First,#,Europe_reg,CIS,-1,-1;Transition "Transition" true true false 19 Double 0 0 ,First,#,Europe_reg,Transition,-1,-1;OECD "OECD" true true false 19 Double 0 0 ,First,#,Europe_reg,OECD,-1,-1;WBREGION "WBREGION" true true false 254 Text 0 0 ,First,#,Europe_reg,WBREGION,-1,-1;WBINCOME "WBINCOME" true true false 254 Text 0 0 ,First,#,Europe_reg,WBINCOME,-1,-1;WBDEBT "WBDEBT" true true false 254 Text 0 0 ,First,#,Europe_reg,WBDEBT,-1,-1;WBOTHER "WBOTHER" true true false 254 Text 0 0 ,First,#,Europe_reg,WBOTHER,-1,-1;CEEAC "CEEAC" true true false 19 Double 0 0 ,First,#,Europe_reg,CEEAC,-1,-1;CEMAC "CEMAC" true true false 19 Double 0 0 ,First,#,Europe_reg,CEMAC,-1,-1;CEPLG "CEPLG" true true false 19 Double 0 0 ,First,#,Europe_reg,CEPLG,-1,-1;COMESA "COMESA" true true false 19 Double 0 0 ,First,#,Europe_reg,COMESA,-1,-1;EAC "EAC" true true false 19 Double 0 0 ,First,#,Europe_reg,EAC,-1,-1;ECOWAS "ECOWAS" true true false 19 Double 0 0 ,First,#,Europe_reg,ECOWAS,-1,-1;IGAD "IGAD" true true false 19 Double 0 0 ,First,#,Europe_reg,IGAD,-1,-1;IOC "IOC" true true false 19 Double 0 0 ,First,#,Europe_reg,IOC,-1,-1;MRU "MRU" true true false 19 Double 0 0 ,First,#,Europe_reg,MRU,-1,-1;SACU "SACU" true true false 19 Double 0 0 ,First,#,Europe_reg,SACU,-1,-1;UEMOA "UEMOA" true true false 19 Double 0 0 ,First,#,Europe_reg,UEMOA,-1,-1;UMA "UMA" true true false 19 Double 0 0 ,First,#,Europe_reg,UMA,-1,-1;PALOP "PALOP" true true false 19 Double 0 0 ,First,#,Europe_reg,PALOP,-1,-1;PARTA "PARTA" true true false 19 Double 0 0 ,First,#,Europe_reg,PARTA,-1,-1;CACM "CACM" true true false 19 Double 0 0 ,First,#,Europe_reg,CACM,-1,-1;EurAsEC "EurAsEC" true true false 19 Double 0 0 ,First,#,Europe_reg,EurAsEC,-1,-1;Agadir "Agadir" true true false 19 Double 0 0 ,First,#,Europe_reg,Agadir,-1,-1;SAARC "SAARC" true true false 19 Double 0 0 ,First,#,Europe_reg,SAARC,-1,-1;ASEAN "ASEAN" true true false 19 Double 0 0 ,First,#,Europe_reg,ASEAN,-1,-1;NAFTA "NAFTA" true true false 19 Double 0 0 ,First,#,Europe_reg,NAFTA,-1,-1;GCC "GCC" true true false 19 Double 0 0 ,First,#,Europe_reg,GCC,-1,-1;CSN "CSN" true true false 19 Double 0 0 ,First,#,Europe_reg,CSN,-1,-1;CARICOM "CARICOM" true true false 19 Double 0 0 ,First,#,Europe_reg,CARICOM,-1,-1;EU "EU" true true false 19 Double 0 0 ,First,#,Europe_reg,EU,-1,-1;CAN "CAN" true true false 19 Double 0 0 ,First,#,Europe_reg,CAN,-1,-1;ACP "ACP" true true false 19 Double 0 0 ,First,#,Europe_reg,ACP,-1,-1;Landlocked "Landlocked" true true false 19 Double 0 0 ,First,#,Europe_reg,Landlocked,-1,-1;AOSIS "AOSIS" true true false 19 Double 0 0 ,First,#,Europe_reg,AOSIS,-1,-1;SIDS "SIDS" true true false 19 Double 0 0 ,First,#,Europe_reg,SIDS,-1,-1;Islands "Islands" true true false 19 Double 0 0 ,First,#,Europe_reg,Islands,-1,-1;LDC "LDC" true true false 19 Double 0 0 ,First,#,Europe_reg,LDC,-1,-1;Shape_Leng "Shape_Leng" true true false 19 Double 0 0 ,First,#,Europe_reg,Shape_Leng,-1,-1;Shape_Area "Shape_Area" true true false 19 Double 0 0 ,First,#,Europe_reg,Shape_Area,-1,-1;TYPE_3 "TYPE_3" true true false 50 Text 0 0 ,First,#,Europe_reg,TYPE_3,-1,-1;HAUPTSTADT "HAUPTSTADT" true true false 50 Text 0 0 ,First,#,Europe_reg,HAUPTSTADT,-1,-1;NAME_0 "NAME_0" true true false 75 Text 0 0 ,First,#,Europe_reg,NAME_0,-1,-1,Serbia_1890_adj,NAME_0,-1,-1;Sheet1__re "Sheet1__re" true true false 254 Text 0 0 ,First,#,Europe_reg,Sheet1__re,-1,-1;COD_PROV "COD_PROV" true true false 19 Double 0 0 ,First,#,Europe_reg,COD_PROV,-1,-1;NOME_PROV "NOME_PROV" true true false 254 Text 0 0 ,First,#,Europe_reg,NOME_PROV,-1,-1;SIGLA "SIGLA" true true false 254 Text 0 0 ,First,#,Europe_reg,SIGLA,-1,-1;NAME_1 "NAME_1" true true false 75 Text 0 0 ,First,#,Europe_reg,NAME_1,-1,-1;region "region" true true false 10 Text 0 0 ,First,#,Europe_reg,region,-1,-1;ID_1 "ID_1" true true false 10 Long 0 10 ,First,#,Europe_reg,ID_1,-1,-1;HASC_1 "HASC_1" true true false 15 Text 0 0 ,First,#,Europe_reg,HASC_1,-1,-1;CCN_1 "CCN_1" true true false 10 Long 0 10 ,First,#,Europe_reg,CCN_1,-1,-1;CCA_1 "CCA_1" true true false 254 Text 0 0 ,First,#,Europe_reg,CCA_1,-1,-1;TYPE_1 "TYPE_1" true true false 50 Text 0 0 ,First,#,Europe_reg,TYPE_1,-1,-1;ENGTYPE_1 "ENGTYPE_1" true true false 50 Text 0 0 ,First,#,Europe_reg,ENGTYPE_1,-1,-1;NL_NAME_1 "NL_NAME_1" true true false 50 Text 0 0 ,First,#,Europe_reg,NL_NAME_1,-1,-1;VARNAME_1 "VARNAME_1" true true false 150 Text 0 0 ,First,#,Europe_reg,VARNAME_1,-1,-1;TYPE_2 "TYPE_2" true true false 50 Text 0 0 ,First,#,Europe_reg,TYPE_2,-1,-1;LNKOD "LNKOD" true true false 2 Text 0 0 ,First,#,Europe_reg,LNKOD,-1,-1;LNNAMN "LNNAMN" true true false 20 Text 0 0 ,First,#,Europe_reg,LNNAMN,-1,-1;BEF96 "BEF96" true true false 19 Double 0 0 ,First,#,Europe_reg,BEF96,-1,-1;NUTS3 "NUTS3" true true false 5 Text 0 0 ,First,#,Europe_reg,NUTS3,-1,-1;COUNTY "COUNTY" true true false 50 Text 0 0 ,First,#,Europe_reg,COUNTY,-1,-1"</Process><Process ToolSource="c:\program files (x86)\arcgis\desktop10.6\ArcToolbox\Toolboxes\Data Management Tools.tbx\DeleteField" Date="20190410" Time="112524">DeleteField Europe_reg2 NAME_2;districts;OBJECTID;ID_0;ISO;NAME_ENGLI;NAME_ISO;NAME_FAO;NAME_LOCAL;NAME_OBSOL;NAME_VARIA;NAME_NONLA;NAME_FRENC;NAME_SPANI;NAME_RUSSI;NAME_ARABI;NAME_CHINE;WASPARTOF;CONTAINS;SOVEREIGN;ISO2;WWW;FIPS;ISON;VALIDFR;VALIDTO;POP2000;SQKM;POPSQKM;UNREGION1;UNREGION2;DEVELOPING;CIS;Transition;OECD;WBREGION;WBINCOME;WBDEBT;WBOTHER;CEEAC;CEMAC;CEPLG;COMESA;EAC;ECOWAS;IGAD;IOC;MRU;SACU;UEMOA;UMA;PALOP;PARTA;CACM;EurAsEC;Agadir;SAARC;ASEAN;NAFTA;GCC;CSN;CARICOM;EU;CAN;ACP;Landlocked;AOSIS;SIDS;Islands;LDC;Shape_Leng;Shape_Area;TYPE_3;HAUPTSTADT;NAME_0;Sheet1__re;COD_PROV;NOME_PROV;SIGLA;NAME_1;region;ID_1;HASC_1;CCN_1;CCA_1;TYPE_1;ENGTYPE_1;NL_NAME_1;VARNAME_1;TYPE_2;LNKOD;LNNAMN;BEF96;NUTS3;COUNTY</Process><Process ToolSource="c:\program files (x86)\arcgis\desktop10.6\ArcToolbox\Toolboxes\Data Management Tools.tbx\Merge" Date="20190426" Time="121839">Merge Europe_reg2;ireland_1881 "\\home.ansatt.ntnu.no\francijb\Documents\FRAN\ERC Starting Grant\ArcGIS\Europe\Europe_reg3.shp" "NAME "NAME" true true false 24 Text 0 0 ,First,#,Europe_reg2,NAME,-1,-1;NAME_TA "NAME_TA" true true false 80 Text 0 0 ,First,#,ireland_1881,NAME_TA,-1,-1"</Process><Process ToolSource="c:\program files (x86)\arcgis\desktop10.6\ArcToolbox\Toolboxes\Data Management Tools.tbx\Merge" Date="20190502" Time="100142">Merge Europe_reg3;Denmark_1880_adj2 "\\home.ansatt.ntnu.no\francijb\Documents\FRAN\ERC Starting Grant\ArcGIS\Europe\Europe_reg4.shp" "NAME "NAME" true true false 24 Text 0 0 ,First,#,Europe_reg3,NAME,-1,-1;NAME_0 "NAME_0" true true false 75 Text 0 0 ,First,#,Denmark_1880_adj2,NAME_0,-1,-1"</Process></lineage></DataProperties><SyncDate>20190502</SyncDate><SyncTime>10013800</SyncTime><ModDate>20190502</ModDate><ModTime>10013800</ModTime></Esri><dataIdInfo><envirDesc Sync="TRUE"> Version 6.2 (Build 9200) ; Esri ArcGIS 10.6.0.8321</envirDesc><dataLang><languageCode value="nob" Sync="TRUE"></languageCode><countryCode value="NOR" Sync="TRUE"></countryCode></dataLang><idCitation><resTitle Sync="TRUE">Europe_reg4</resTitle><presForm><PresFormCd value="005" Sync="TRUE"></PresFormCd></presForm></idCitation><spatRpType><SpatRepTypCd value="001" Sync="TRUE"></SpatRepTypCd></spatRpType></dataIdInfo><mdLang><languageCode value="nob" Sync="TRUE"></languageCode><countryCode value="NOR" Sync="TRUE"></countryCode></mdLang><mdChar><CharSetCd value="004" Sync="TRUE"></CharSetCd></mdChar><distInfo><distFormat><formatName Sync="TRUE">Shapefile</formatName></distFormat><distTranOps><transSize Sync="TRUE">0.000</transSize></distTranOps></distInfo><mdHrLv><ScopeCd value="005" Sync="TRUE"></ScopeCd></mdHrLv><mdHrLvName Sync="TRUE">dataset</mdHrLvName><refSysInfo><RefSystem><refSysID><identCode code="3035" Sync="TRUE"></identCode><idCodeSpace Sync="TRUE">EPSG</idCodeSpace><idVersion Sync="TRUE">8.1(9.0.0)</idVersion></refSysID></RefSystem></refSysInfo><spatRepInfo><VectSpatRep><geometObjs Name="Europe_reg4"><geoObjTyp><GeoObjTypCd value="002" Sync="TRUE"></GeoObjTypCd></geoObjTyp><geoObjCnt Sync="TRUE">0</geoObjCnt></geometObjs><topLvl><TopoLevCd value="001" Sync="TRUE"></TopoLevCd></topLvl></VectSpatRep></spatRepInfo><spdoinfo><ptvctinf><esriterm Name="Europe_reg4"><efeatyp Sync="TRUE">Simple</efeatyp><efeageom code="4" Sync="TRUE"></efeageom><esritopo Sync="TRUE">FALSE</esritopo><efeacnt Sync="TRUE">0</efeacnt><spindex Sync="TRUE">FALSE</spindex><linrefer Sync="TRUE">FALSE</linrefer></esriterm></ptvctinf></spdoinfo><eainfo><detailed Name="Europe_reg4"><enttyp><enttypl Sync="TRUE">Europe_reg4</enttypl><enttypt Sync="TRUE">Feature Class</enttypt><enttypc Sync="TRUE">0</enttypc></enttyp><attr><attrlabl Sync="TRUE">FID</attrlabl><attalias Sync="TRUE">FID</attalias><attrtype Sync="TRUE">OID</attrtype><attwidth Sync="TRUE">4</attwidth><atprecis Sync="TRUE">0</atprecis><attscale Sync="TRUE">0</attscale><attrdef Sync="TRUE">Internal feature number.</attrdef><attrdefs Sync="TRUE">Esri</attrdefs><attrdomv><udom Sync="TRUE">Sequential unique whole numbers that are automatically generated.</udom></attrdomv></attr><attr><attrlabl Sync="TRUE">Shape</attrlabl><attalias Sync="TRUE">Shape</attalias><attrtype Sync="TRUE">Geometry</attrtype><attwidth Sync="TRUE">0</attwidth><atprecis Sync="TRUE">0</atprecis><attscale Sync="TRUE">0</attscale><attrdef Sync="TRUE">Feature geometry.</attrdef><attrdefs Sync="TRUE">Esri</attrdefs><attrdomv><udom Sync="TRUE">Coordinates defining the features.</udom></attrdomv></attr><attr><attrlabl Sync="TRUE">NAME</attrlabl><attalias Sync="TRUE">NAME</attalias><attrtype Sync="TRUE">String</attrtype><attwidth Sync="TRUE">24</attwidth><atprecis Sync="TRUE">0</atprecis><attscale Sync="TRUE">0</attscale></attr><attr><attrlabl Sync="TRUE">NAME_0</attrlabl><attalias Sync="TRUE">NAME_0</attalias><attrtype Sync="TRUE">String</attrtype><attwidth Sync="TRUE">75</attwidth><atprecis Sync="TRUE">0</atprecis><attscale Sync="TRUE">0</attscale></attr></detailed></eainfo><mdDateSt Sync="TRUE">20190502</mdDateSt></metadata>
