partido,province,ecles,asist_misa,monjes,monjas,emp_act,emp_jub,milit_act,milit_ret,navy_act,navy_mat,seemen_cap,seemen_sai,cat_prof,mae_part,maestros,maestras,sch_boys,sch_girls,col_1_2,est_2_ens,est_sup,est_car_esp,abogados,esc_nota,procura,med_cir,botica,vets,arts,arc_obras,agronomists,landlords,tenants,comercio,fabricantes,indus_male,indus_fem,ferroc,artes_male,artes_fem,miners,obre_male,obre_fem,farmlab,serv_male,serv_fem,poor_male,poor_fem,sor_mud_male,sord_mud_fem,cie_imp_male,cie_imp_fem
Aguilar,Córdoba,76,33,0,33,82,13,39,19,0,1,0,0,0,5,6,4,354,274,25,1,2,1,12,6,4,9,7,9,9,2,7,958,226,43,6,389,24,0,992,32,1,0,2,4729,454,597,28,77,1,0,78,29
Alba de Tormes,Salamanca,53,56,0,38,122,4,49,0,0,0,0,0,0,0,51,10,1664,958,3,35,0,2,10,3,4,25,3,7,0,1,1,3047,795,38,10,423,10,0,265,29,6,19,0,1747,2067,706,159,286,4,5,28,14
Albacete,Albacete,22,13,2,7,316,24,123,12,0,0,0,0,11,1,15,24,803,623,11,93,16,4,47,8,31,25,6,16,4,5,10,2692,542,181,13,485,211,67,1023,14,3,348,4,2464,1756,868,100,195,4,7,143,56
Albaida,Valencia,83,14,0,38,54,0,25,2,0,0,0,0,0,0,18,18,1020,1211,2,59,13,0,18,12,6,29,3,6,2,0,1,3392,196,55,45,749,9,0,663,5,4,49,1,5431,198,432,120,271,9,13,50,26
Albarracín,Teruel,78,68,20,40,142,4,77,9,0,0,0,0,6,0,45,33,1639,1286,13,53,5,4,7,6,4,26,13,24,0,0,0,3805,334,44,2,419,30,0,794,0,11,16,0,2528,1001,343,175,366,9,6,100,31
Alberique,Valencia,21,7,0,0,52,0,22,1,0,0,0,0,0,0,9,15,462,554,0,21,6,6,12,5,3,14,3,7,0,1,2,1008,978,27,15,437,54,1,164,3,0,105,1,2321,303,516,31,111,4,1,16,14
Albocázer,Castellón,45,9,0,0,61,1,69,5,0,1,0,5,0,0,11,10,604,698,11,14,0,4,5,6,2,23,7,19,0,0,1,3479,129,15,0,80,6,0,593,2,0,0,0,3456,546,233,58,101,8,5,57,34
Alburquerque,Badajoz,23,8,0,0,43,1,80,12,0,0,0,0,2,0,11,9,770,459,15,19,1,0,10,4,4,10,4,14,0,5,0,1724,2,54,30,500,3,0,642,5,7,97,10,2628,958,413,38,84,12,9,36,11
Albuñol,Granada,39,26,0,0,68,1,95,7,1,17,2,54,2,1,24,13,1324,861,2,26,5,1,12,3,4,17,2,10,3,4,0,2304,577,54,22,709,81,0,317,16,61,5,0,4176,225,493,160,559,22,30,53,54
Alcalá de Guadaira,Sevilla,21,24,0,30,63,3,54,19,0,0,0,0,0,0,12,8,739,731,1,10,2,6,4,5,4,10,4,5,1,0,2,922,212,155,5,970,60,5,611,48,1,23,0,5255,141,430,66,116,5,6,90,47
Alcalá de Henares,Madrid,97,63,8,180,218,25,1294,22,0,0,0,0,3,4,43,21,1707,1065,33,40,12,20,21,23,5,45,20,55,9,1,3,2232,541,108,18,1179,99,30,1222,40,0,96,0,4809,1282,1061,150,366,6,5,51,22
Alcalá la Real,Jaén,54,41,2,70,96,2,27,13,0,0,0,0,0,1,9,14,675,652,7,9,2,5,17,10,4,9,5,17,6,0,7,2337,1183,60,7,481,89,0,703,14,1,6,0,5841,385,537,89,793,5,6,157,49
Alcaraz,Albacete,41,30,1,13,138,13,97,5,0,0,0,0,0,4,26,26,968,759,4,2,2,1,15,8,6,19,4,16,1,4,1,1897,517,57,3,438,11,0,892,115,25,171,4,4352,2169,434,182,387,12,8,164,84
Alcañices,Zamora,90,7,0,0,82,0,160,4,0,0,0,0,0,0,63,3,2070,363,0,14,11,0,4,3,4,14,4,6,0,0,0,3831,426,3,0,235,33,0,386,121,3,4,7,2073,606,521,441,617,16,12,17,16
Alcañiz,Teruel,81,29,8,34,180,33,129,36,0,0,0,0,0,1,13,19,1161,995,5,46,3,0,21,10,4,25,7,20,0,4,3,3003,139,67,13,235,10,0,771,10,0,17,0,3073,568,620,152,378,12,13,42,34
Alcira,Valencia,62,82,8,44,92,11,13,1,0,0,0,0,0,12,18,16,1033,1358,0,20,3,0,27,10,4,33,9,10,0,10,21,3399,1443,110,13,1201,44,26,935,31,0,3,0,6011,750,674,539,796,9,8,55,35
Alcoy,Alicante,54,22,0,27,50,1,50,6,0,2,0,0,8,6,11,13,600,527,7,42,2,7,15,7,3,17,2,5,32,4,0,1654,552,238,258,638,189,0,494,120,1,5484,4656,2586,183,533,141,264,4,2,78,55
Alcántara,Cáceres,45,29,0,2,74,7,111,16,0,0,0,4,0,0,13,13,643,382,5,22,2,6,23,9,4,18,7,20,0,13,3,1374,670,42,8,384,18,0,509,20,0,2,0,3815,317,417,59,441,7,9,44,30
Alcázar de San Juan,Ciudad Real,73,17,0,6,120,2,118,15,0,0,0,0,1,0,18,12,1488,958,7,37,20,8,20,13,3,28,12,29,11,2,7,1564,262,109,10,937,55,180,906,3,1,43,0,4991,1986,694,171,434,7,0,90,32
Alfaro,Logroño,28,15,0,33,37,3,63,7,0,0,0,0,0,0,6,5,420,360,0,5,0,3,13,3,2,9,3,8,0,0,2,536,543,33,2,113,10,4,357,27,0,0,0,1442,218,327,31,183,5,1,14,4
Algeciras,Cádiz,28,46,1,0,191,16,1788,47,1462,222,141,1183,2,12,14,10,761,641,31,10,0,18,8,9,4,43,4,12,23,2,5,1463,308,226,48,1038,83,0,1537,289,11,144,1,3160,577,533,20,34,7,7,55,23
Alhama,Granada,23,24,0,20,79,0,15,2,0,0,0,0,0,0,14,12,709,532,10,12,13,0,7,6,5,4,2,12,0,2,1,2048,814,23,10,424,38,0,195,10,0,9,0,3632,314,245,98,187,2,2,42,20
Aliaga,Teruel,61,53,2,0,54,0,30,8,0,0,0,0,0,0,44,29,1531,1292,0,12,2,4,5,6,3,20,4,19,0,1,1,2360,269,24,1,153,5,0,599,1,50,1,0,2452,583,234,106,247,7,2,51,12
Alicante,Alicante,65,43,0,95,484,68,596,37,70,206,135,1384,16,10,24,29,1327,1000,77,145,21,38,42,12,6,42,10,9,83,12,4,4711,1117,909,10,1388,180,96,3130,498,6,473,3063,4808,409,1468,92,139,9,8,108,77
Allariz,Orense,124,73,1,13,30,0,57,8,0,0,0,0,2,0,31,5,1421,738,0,78,9,0,10,7,4,14,3,6,4,0,15,4018,286,48,8,52,175,0,698,73,0,19,0,4957,444,808,536,968,17,21,87,90
Almadén,Ciudad Real,16,18,0,0,193,27,66,3,0,0,0,0,0,1,17,7,874,659,0,24,0,16,7,4,3,12,5,12,0,0,0,1454,126,14,4,128,22,0,346,0,2025,27,2,1346,548,467,24,83,6,3,34,20
Almagro,Ciudad Real,35,17,0,11,85,4,212,8,0,0,0,0,2,0,9,8,778,462,2,25,15,13,11,7,4,18,5,17,0,1,4,1656,370,96,21,536,162,32,1002,67,0,10,1043,3163,853,471,191,368,5,5,125,54
Almansa,Albacete,41,29,0,22,114,8,48,10,1,0,0,0,0,2,7,7,492,395,7,5,5,1,16,7,6,15,2,6,0,7,1,1556,731,30,17,227,10,118,1042,5,2,22,1,3038,302,379,64,193,1,3,135,42
Almazán,Soria,100,75,0,20,106,3,71,8,0,0,0,0,0,0,85,7,1967,1001,6,44,20,5,8,5,4,39,10,22,0,0,0,2734,2282,42,3,511,34,0,606,51,0,9,0,1456,907,612,208,372,5,7,43,26
Almendralejo,Badajoz,67,18,0,20,180,9,87,31,0,0,0,0,0,0,24,18,1699,1326,9,50,0,4,27,9,6,25,12,36,6,1,1,4640,604,78,31,624,139,5,1173,34,0,15,0,6040,1672,791,81,309,12,5,72,20
Almería,Almería,90,54,2,51,488,84,282,55,21,491,80,309,17,2,28,41,767,530,61,328,11,8,45,12,2,26,10,17,8,9,8,2542,824,450,48,1287,511,0,1958,1018,949,285,3,5044,680,1485,178,545,7,9,143,121
Almodóvar del Campo,Ciudad Real,37,34,0,0,132,5,25,12,0,0,0,0,2,0,27,19,1237,930,6,6,0,2,8,2,4,13,6,17,0,1,4,2102,116,40,21,477,23,0,594,299,164,52,0,3142,3011,431,119,431,15,8,56,41
Almunia de Doña Godina,Zaragoza,79,43,2,42,102,0,66,13,0,0,0,0,1,0,39,20,1409,997,0,14,12,1,18,10,3,41,10,29,0,2,3,2414,1073,110,5,444,23,0,1092,7,13,0,0,8475,1393,992,136,381,6,7,40,30
Amurrio,Álava,111,11,0,31,6,1,31,23,0,0,0,0,0,2,53,5,1416,1086,0,80,10,8,11,11,3,24,5,23,0,0,3,1154,2098,100,11,220,19,18,582,24,2,6,0,3165,442,549,75,100,8,1,34,29
Andújar,Jaén,74,45,0,52,146,10,88,18,0,0,0,0,0,15,15,15,1293,909,14,108,3,8,36,14,5,34,10,23,12,17,5,2892,454,79,70,770,25,0,1095,49,1,123,0,7251,1589,1272,124,501,7,12,99,42
Antequera,Málaga,77,39,0,136,159,12,158,20,0,0,0,1,2,4,12,12,799,829,27,41,3,10,24,8,6,12,8,15,17,4,2,840,575,275,85,787,75,0,1271,494,0,1381,328,6712,383,1051,59,160,5,6,108,75
Aoiz,Navarra,220,312,0,42,73,4,243,30,0,0,0,0,0,0,134,22,3959,2865,39,75,5,8,13,14,4,62,15,65,5,1,7,5222,1903,143,1,401,61,12,1825,61,13,2,0,6038,2391,1457,137,233,18,14,67,41
Aracena,Huelva,99,70,0,20,103,6,382,10,1,0,0,0,0,1,42,17,1832,1270,0,9,5,27,23,12,6,31,7,42,1,0,1,3873,385,75,14,790,3,0,1309,1,938,99,2,7880,907,507,97,336,20,9,135,66
Aranda de Duero,Burgos,66,42,5,52,91,13,110,24,0,0,0,0,1,0,42,13,2276,1081,1,47,8,7,27,16,3,40,13,22,1,4,1,4066,528,116,13,288,12,0,679,10,0,2,0,3083,783,698,216,280,15,2,55,37
Archidona,Málaga,35,16,10,30,82,4,36,7,0,0,0,0,1,0,11,12,729,685,61,45,2,0,9,4,4,12,4,11,0,3,8,4119,888,58,3,570,23,0,421,114,0,1,0,4460,413,467,48,124,6,4,45,24
Arcos,Cádiz,35,38,0,32,57,6,80,11,0,0,1,1,0,1,17,8,1102,809,3,34,3,1,16,6,4,32,11,14,2,0,10,2184,218,93,16,609,60,0,1038,9,0,7,1,8826,184,473,69,87,7,10,68,30
Arenas de San Pedro,Ávila,32,27,0,0,84,3,103,7,0,0,0,0,0,0,21,17,1414,845,1,20,1,1,15,8,3,19,5,29,0,0,1,3702,132,62,4,582,12,0,406,1,0,7,0,3623,929,371,96,287,16,15,71,42
Arenys de Mar,Barcelona,96,46,7,12,59,0,76,17,2,136,48,265,0,3,17,14,1716,859,5,60,18,12,18,14,6,24,21,23,5,4,1,2250,257,174,80,496,29,55,2003,91,8,1139,887,6019,542,730,103,193,27,13,64,18
Arnedo,Logroño,86,29,0,26,83,2,42,21,0,0,0,0,5,2,32,11,1311,740,26,19,6,5,22,7,5,30,11,26,0,1,0,1859,269,66,57,274,15,0,490,10,3,393,125,2311,571,470,182,303,9,6,61,22
Arzúa,Coruña,137,1,0,0,91,0,114,21,0,0,0,0,0,0,48,0,1121,196,0,30,5,24,22,9,4,8,1,3,0,0,10,3910,3679,27,0,103,32,0,230,113,0,0,0,15482,1361,1776,461,1121,20,9,99,101
Arévalo,Ávila,70,76,0,49,89,3,64,3,0,0,0,0,1,0,62,9,2151,1504,4,53,13,4,10,8,6,50,18,41,1,5,1,1418,1679,65,8,1218,50,35,548,71,0,59,1,2621,1988,946,212,357,16,3,43,36
Astorga,León,238,16,4,40,73,2,105,6,0,0,0,0,13,0,99,8,3118,717,0,422,10,31,19,7,28,25,6,16,11,3,0,4208,2615,148,6,898,78,0,1078,195,0,8,80,6676,885,1484,514,1216,36,18,117,117
Astudillo,Palencia,72,34,0,20,73,1,57,4,0,0,0,0,1,0,26,11,1448,828,10,84,17,5,15,10,4,27,6,39,1,1,5,2491,681,25,74,512,33,34,569,34,0,176,231,2756,741,514,116,151,6,3,26,21
Ateca,Zaragoza,103,47,2,1,74,6,55,10,0,0,0,0,0,0,43,25,1445,821,4,30,2,5,15,9,4,31,10,26,0,2,1,3708,344,90,9,263,13,0,1019,12,0,9,5,8165,1127,773,155,335,5,9,44,31
Atienza,Guadalajara,65,61,0,0,122,1,67,4,0,0,0,0,3,1,68,8,1340,558,3,27,2,5,3,4,3,23,7,12,0,0,0,3032,778,19,19,303,8,0,399,13,947,45,16,1395,630,457,96,173,6,6,33,24
Avilés,Oviedo,65,13,0,12,44,9,62,15,1,215,36,51,1,0,38,15,1911,714,4,37,2,5,15,10,3,7,1,4,3,1,1,1008,3360,209,11,150,184,0,914,900,122,127,0,2023,400,774,104,293,8,4,83,54
Ayamonte,Huelva,28,28,0,0,75,12,100,7,16,404,9,521,3,1,13,11,776,560,19,16,1,7,7,7,2,14,2,6,0,0,0,1774,369,175,16,337,13,0,745,251,34,191,60,3415,455,374,55,71,10,1,53,31
Ayora,Valencia,22,17,0,0,43,2,7,5,0,0,0,0,0,0,9,9,428,373,4,11,4,0,9,4,3,14,1,5,0,0,0,1827,286,9,4,373,6,0,174,0,1,0,0,2407,428,147,41,106,14,12,49,17
Azpeitia,Guipuzcoa,134,58,112,150,132,1,60,24,15,10,4,173,1,0,31,15,1456,997,0,35,0,10,14,14,2,29,9,6,1,5,14,1020,4374,47,15,694,129,23,1388,511,152,388,75,4719,513,861,101,187,21,12,52,34
Badajoz,Badajoz,72,19,0,106,395,65,1428,56,0,0,0,0,19,4,25,30,1152,917,3,238,12,6,19,13,20,30,8,13,4,4,9,607,152,80,1,864,59,17,1391,359,3,24,14,4479,1783,933,352,316,10,5,43,27
Baena,Córdoba,46,20,2,39,63,3,143,27,0,0,0,0,0,0,9,4,676,742,9,15,3,4,11,8,4,7,5,20,2,2,8,1779,627,75,27,315,4,0,495,34,0,3,0,4169,849,498,38,80,4,4,57,29
Baeza,Jaén,68,61,7,48,136,2,170,24,0,0,0,0,4,0,16,21,1443,1255,14,85,16,9,14,18,4,29,6,22,39,10,10,2561,760,130,49,924,71,0,1306,19,1348,142,1,5147,907,914,117,508,6,2,57,36
Balaguer,Lérida,168,16,14,34,129,5,385,17,0,0,0,2,0,11,49,22,2058,1240,0,65,47,13,25,9,6,83,31,25,0,3,2,6902,482,103,19,390,8,0,1879,10,77,7,0,12319,535,935,224,471,30,18,87,32
Baltanás,Palencia,52,25,0,0,57,3,46,7,0,0,0,0,0,2,31,11,1506,677,3,53,16,2,11,10,4,28,7,36,2,1,2,2752,636,85,20,306,11,6,427,5,0,13,0,3504,603,377,108,237,10,6,40,28
Bande,Orense,96,59,0,0,26,0,62,0,0,0,0,0,0,0,23,2,982,480,0,41,3,0,9,6,4,9,0,4,0,0,11,10857,0,18,2,108,44,0,288,99,0,4,0,8797,188,394,136,336,16,20,51,46
Barbastro,Huesca,122,60,18,83,143,10,157,20,0,0,0,0,8,10,38,26,1459,1082,32,282,43,10,32,10,4,44,12,21,10,2,4,6727,366,255,36,598,90,7,1226,126,1,18,51,5174,1673,1429,121,282,10,10,65,30
Barcelona,Barcelona,619,165,86,769,1439,242,7196,526,213,573,660,4415,155,109,235,145,5038,2712,618,1524,423,409,517,123,69,379,154,60,1125,219,56,5597,969,5508,1095,7061,2373,210,29647,6991,245,14726,7052,9506,2840,11834,1857,1159,60,38,436,210
Barco de Ávila,Ávila,33,30,0,13,77,0,51,2,0,0,0,0,0,0,28,7,1176,490,3,10,1,3,6,4,4,17,4,5,1,0,0,2232,207,16,0,393,11,0,278,24,0,0,0,1522,646,296,113,195,13,8,29,30
Baza,Granada,37,25,0,4,56,2,66,8,0,0,0,0,0,1,13,15,777,554,10,16,7,1,19,7,4,15,2,9,1,3,1,1785,1689,116,16,456,42,0,704,182,39,52,0,5409,859,582,228,702,1,2,53,33
Becerrea,Lugo,82,0,0,0,21,2,91,11,0,0,0,0,0,3,18,1,871,182,0,8,0,5,12,7,4,6,1,4,0,0,6,3730,255,20,3,162,16,0,331,51,0,4,1,2843,859,992,268,311,23,30,94,86
Belchite,Zaragoza,39,39,0,17,110,2,56,12,0,0,0,0,0,0,24,15,885,816,3,4,7,2,14,6,4,21,7,23,0,0,1,3750,161,97,0,378,18,0,612,0,0,8,0,2813,625,218,60,148,10,9,51,20
Belmonte,Cuenca,61,24,0,23,82,5,81,13,0,0,0,0,1,1,33,22,1373,1095,7,33,13,6,19,4,3,32,10,40,3,0,0,2810,793,118,0,435,23,0,637,17,0,5,0,3805,1515,448,195,597,3,3,58,24
Belmonte (Asturias),Oviedo,78,2,0,0,19,10,38,7,0,0,0,0,3,1,54,4,1459,221,0,78,2,6,13,12,4,10,1,1,0,0,0,3481,4010,31,4,138,16,0,456,143,1,2,1,9634,448,634,402,735,30,19,143,82
Belorado,Burgos,90,55,3,14,60,0,21,5,0,0,0,0,2,0,53,3,1410,963,1,51,21,16,10,10,4,24,4,23,0,0,0,1469,1486,15,97,285,11,0,245,2,1,388,20,1446,646,454,213,198,7,3,41,16
Benabarre,Huesca,141,2,5,20,46,5,57,17,0,0,0,0,0,0,47,7,1213,343,1,11,0,1,14,4,4,28,7,10,0,0,0,5074,16,30,7,276,1,0,862,21,1,6,15,3952,989,769,231,364,29,11,68,19
Benavente,Zamora,121,106,0,38,248,9,227,12,0,0,0,0,4,0,69,18,2833,1538,0,71,17,22,22,9,8,27,5,15,5,2,3,3818,2765,54,7,388,16,4,629,30,0,8,0,3799,938,745,331,644,20,12,62,29
Berga,Barcelona,210,12,0,16,134,1,202,7,0,0,0,0,1,5,18,10,1191,884,5,103,21,0,13,7,8,19,7,8,0,0,1,1886,1358,36,102,740,90,0,1109,136,0,1210,886,4866,1075,1112,627,901,22,17,86,37
Berja,Almería,28,25,0,0,56,20,107,9,0,410,0,0,0,8,17,7,660,312,5,4,1,3,15,6,4,14,5,17,6,5,3,1312,674,199,9,275,29,0,510,84,1448,71,32,4505,335,703,119,493,13,5,39,6
Bermillo de Sayago,Zamora,73,57,0,0,151,5,79,7,0,0,0,0,4,0,52,10,1735,1045,1,27,12,4,7,4,4,17,2,8,0,0,1,4474,2489,17,100,428,8,0,321,61,7,36,0,2395,657,442,344,603,12,4,41,19
Betanzos,Coruña,103,0,1,12,98,11,216,40,4,246,2,9,1,4,39,7,1482,505,2,37,6,4,27,14,5,14,4,2,1,0,21,1655,4782,129,6,511,283,0,600,340,0,13,1,13553,900,1394,669,1430,18,16,152,153
Bilbao,Vizcaya,199,35,0,134,309,19,311,54,1,1,180,655,20,5,55,43,2449,1684,129,287,20,2,44,20,5,52,11,31,108,31,10,1715,3512,1168,32,821,379,43,3887,2130,3,265,103,13287,729,3292,179,275,12,6,99,130
Boltaña,Huesca,151,30,0,0,127,7,196,3,0,0,0,0,0,0,44,6,1400,231,0,23,0,2,7,3,3,28,9,14,0,0,0,4810,25,25,0,207,1,0,828,0,10,0,0,5975,1074,926,76,145,24,7,66,32
Borja,Zaragoza,69,36,0,32,76,3,45,16,0,0,0,0,2,1,28,18,1087,715,6,13,6,4,13,7,3,26,9,30,3,0,2,2691,466,134,11,213,12,0,677,12,49,62,119,4606,790,644,62,208,7,13,60,23
Bribiesca,Burgos,124,96,0,54,133,12,66,18,0,0,0,0,2,0,73,9,1849,1180,0,112,12,8,14,15,5,34,9,38,9,1,3,3461,1965,60,2,473,24,0,822,63,5,9,9,4540,796,835,157,274,9,12,80,59
Brihuega,Guadalajara,65,69,0,35,185,9,83,10,0,0,0,0,2,0,54,17,1447,827,6,79,23,16,10,10,4,38,11,30,0,2,1,4911,1020,65,42,411,27,11,757,19,1,376,144,3577,911,633,98,253,11,2,79,36
Bujalance,Córdoba,55,21,0,14,70,0,31,7,0,0,0,0,1,0,10,9,561,502,29,12,7,1,7,6,4,11,6,14,1,3,3,1285,315,81,13,272,11,0,408,2,0,0,0,3065,401,505,42,153,5,1,48,36
Burgo de Osma,Soria,156,105,0,3,119,3,79,9,0,0,0,0,1,2,115,10,2614,1559,160,120,9,5,11,9,9,55,12,33,0,6,0,5896,3071,82,4,304,4,0,583,9,1,7,0,1111,1186,804,224,273,9,12,48,33
Burgos,Burgos,342,274,15,231,548,107,2026,113,0,0,0,0,16,1,164,20,4730,3338,49,360,289,28,77,29,23,100,18,40,77,7,10,3649,4543,247,36,1297,632,37,2781,70,90,128,117,5437,1630,2310,540,638,25,17,111,95
Béjar,Salamanca,60,55,0,0,186,3,68,8,0,0,0,0,5,2,49,12,2018,1333,32,43,12,3,14,9,4,30,8,26,9,2,2,4159,548,292,137,1676,18,0,957,268,0,998,972,3663,654,826,260,282,12,11,84,71
Cabra,Córdoba,45,27,0,36,66,10,69,14,0,0,0,0,8,2,8,6,689,590,19,42,0,0,10,5,6,15,6,10,1,7,6,1801,442,60,18,332,17,0,825,77,2,9,0,4595,337,627,80,115,6,1,78,38
Cabuérniga,Santander,41,1,0,1,27,3,21,2,0,0,1,0,0,5,17,3,677,468,3,19,0,0,5,8,3,10,3,3,1,0,0,1111,1026,64,0,16,0,0,688,180,0,0,0,1163,248,365,65,171,8,3,48,52
Calahorra,Logroño,116,17,0,20,43,5,47,4,0,0,0,0,11,0,9,7,595,468,0,63,105,5,15,11,6,12,7,18,0,0,1,1500,721,69,9,259,38,0,366,11,0,8,0,1891,363,366,59,130,3,6,29,8
Calamocha,Teruel,49,34,2,43,68,2,34,3,0,0,0,0,0,2,32,23,1122,749,0,13,4,3,7,4,4,24,7,16,0,0,1,1880,215,20,7,162,6,0,523,9,0,4,0,2050,540,246,82,160,8,3,35,10
Calatayud,Zaragoza,155,67,1,157,95,10,147,20,0,0,0,0,3,6,41,23,1586,1161,0,60,6,2,24,9,3,35,11,22,21,11,3,2799,858,198,36,1120,68,0,1102,5,9,285,2,5337,1061,1160,186,456,16,11,67,43
Caldas,Pontevedra,116,1,0,0,45,2,53,16,0,0,0,196,1,7,34,8,1316,893,0,95,3,0,15,7,3,18,2,6,3,0,27,6117,765,18,3,131,268,0,4848,274,1,21,7,14993,342,709,307,924,16,17,144,162
Callosa de Ensarriá,Alicante,56,29,0,0,83,7,88,4,5,15,17,503,0,1,24,21,879,857,0,26,13,25,31,13,4,35,4,9,0,0,0,5605,830,61,17,486,11,0,602,220,0,12,0,5091,170,227,74,188,7,7,69,39
Cambados,Pontevedra,114,22,0,10,62,5,74,22,29,1047,17,411,0,1,29,13,1313,534,0,29,1,17,27,14,4,27,3,1,1,0,19,5281,1124,96,1,126,290,0,792,1415,0,6,0,11072,540,935,351,1237,17,6,121,140
Campillos,Málaga,29,62,1,3,107,1,49,3,0,0,0,0,0,0,11,10,907,671,3,20,1,1,15,10,8,18,5,16,0,26,2,4389,383,86,5,688,10,0,316,13,0,0,0,5499,362,272,55,219,4,1,40,12
Cangas de Onís,Oviedo,64,19,0,0,41,5,80,12,1,27,3,8,1,0,42,7,2457,912,0,19,2,1,10,9,4,7,2,1,0,2,4,3221,2298,45,1,259,43,0,635,121,3,11,1,9683,417,674,225,590,14,7,69,41
Cangas de Tineo,Oviedo,111,0,9,13,38,1,50,6,0,0,0,0,1,1,57,5,2681,228,0,89,1,0,16,13,4,7,3,2,0,1,2,3500,4783,23,3,98,6,0,545,179,1,11,0,7749,699,995,249,615,30,23,191,156
Canjáyar,Almería,41,66,0,0,80,4,29,1,1,0,0,0,0,2,22,28,1089,797,12,49,4,6,25,7,4,15,5,17,2,11,4,2829,1302,184,5,329,61,0,326,22,2144,19,0,3641,242,487,147,536,18,4,129,81
Caravaca,Murcia,104,11,0,33,98,4,47,13,0,0,0,0,3,2,9,8,576,453,3,23,2,2,23,10,4,12,4,9,4,4,3,1746,1505,54,7,538,31,0,1129,101,4,51,1,5313,1382,914,285,692,7,4,118,59
Carballino,Orense,140,5,0,0,31,1,93,11,0,0,0,0,2,0,42,4,1809,414,0,57,26,21,20,6,4,13,3,7,0,1,14,5257,15,34,7,272,7,0,562,196,2,19,4,4576,422,645,217,486,25,21,86,94
Carballo,Coruña,102,0,1,0,95,2,92,1,0,169,6,85,0,0,41,2,967,240,0,13,5,4,14,8,4,8,1,3,0,0,17,2119,2806,160,20,262,360,0,703,461,0,0,0,19625,1129,853,330,975,14,12,154,175
Carlet,Valencia,30,18,0,0,93,3,28,3,0,0,0,0,2,0,10,12,598,698,3,19,4,3,9,6,4,22,5,10,1,0,4,3137,910,76,13,358,50,3,358,38,0,50,0,3790,448,408,55,174,9,9,39,23
Carmona,Sevilla,49,60,0,52,74,16,35,13,0,0,0,0,0,2,12,13,808,725,6,36,8,8,22,6,5,17,7,9,17,0,6,1053,234,77,28,665,28,3,910,187,0,18,0,6409,184,451,75,102,3,3,69,35
Carrión de los Condes,Palencia,116,39,0,14,63,3,59,13,0,0,0,0,8,0,51,5,1777,1082,116,114,17,0,20,14,4,37,6,33,2,0,3,2079,1026,58,96,325,27,25,564,30,0,50,2,2618,1020,720,146,210,6,4,59,24
Cartagena,Murcia,64,0,0,31,319,45,1430,94,2252,55,86,744,5,0,46,19,1302,778,7,87,2,1,16,9,6,33,13,14,49,8,6,1857,1311,826,107,1221,447,0,4862,641,2111,982,7,7582,733,1566,148,531,9,3,152,92
Casas-Ibáñez,Albacete,39,44,1,2,208,10,45,18,0,0,0,0,0,0,22,24,941,925,1,21,4,2,15,7,0,32,3,13,1,0,4,2264,974,49,11,518,13,1,424,2,0,0,0,4098,851,342,144,387,7,6,109,46
Caspe,Zaragoza,41,17,7,31,91,2,150,9,0,0,10,87,5,1,15,17,1289,1080,0,40,8,3,15,8,3,24,10,14,1,1,6,3534,80,76,17,386,51,0,738,0,0,9,0,5158,447,376,102,383,11,12,52,36
Castellote,Teruel,92,26,0,37,59,2,55,18,0,0,0,0,1,0,26,30,1332,1409,0,18,2,0,9,7,4,31,8,22,1,0,0,5376,320,47,7,262,15,0,949,27,1,73,21,4100,646,445,88,220,6,7,64,33
Castellón,Castellón,62,5,0,43,269,6,230,19,6,1,1,102,13,1,20,20,1076,1028,15,195,0,34,40,7,10,46,8,21,8,8,10,3341,1164,171,14,239,40,0,1672,184,1,30,17,5385,447,745,147,367,5,4,57,32
Castro del Río,Córdoba,40,17,0,1,30,5,12,5,0,0,0,0,0,0,5,3,408,369,13,9,4,0,6,5,5,8,3,7,0,0,5,1189,333,38,8,143,0,0,558,0,5,0,0,3372,51,306,47,166,3,2,51,18
Castro-Urdiales,Santander,28,1,0,0,30,1,48,2,9,654,1,34,0,1,8,5,657,401,1,8,0,2,11,3,2,10,3,5,4,3,2,1033,231,45,9,79,50,0,164,157,0,1,10,867,113,256,23,37,3,5,24,16
Castrojeriz,Burgos,99,68,1,14,58,0,53,4,0,0,0,0,3,1,46,8,1807,1100,5,77,14,25,16,12,5,33,8,28,0,1,0,1980,1568,41,13,416,3,7,537,6,0,16,0,2714,920,538,163,236,10,4,36,17
Castropol,Oviedo,72,5,0,0,31,4,66,23,0,65,44,376,0,15,44,5,2738,1096,0,77,1,4,13,6,4,12,1,5,0,1,7,1235,3782,128,6,250,144,0,1514,387,0,57,0,6599,420,812,236,664,17,8,128,174
Castuera,Badajoz,84,15,0,4,58,4,117,13,0,0,0,0,0,0,19,11,1198,778,2,30,0,12,36,7,4,16,11,34,1,3,3,5889,941,55,6,397,3,0,619,46,18,26,0,4927,2143,461,37,464,8,4,87,53
Cazalla de la Sierra,Sevilla,59,28,0,14,79,6,83,16,0,0,0,0,0,1,13,11,781,845,0,7,0,1,16,12,4,24,8,18,1,1,1,2374,172,162,9,764,35,0,939,0,44,102,0,6107,1136,721,50,234,3,4,63,36
Cazorla,Jaén,25,28,0,7,67,5,64,5,0,0,0,0,0,0,11,12,593,564,1,33,4,5,9,4,4,16,4,9,0,3,4,1147,1073,43,3,272,5,0,637,49,1,6,0,3612,929,499,113,389,0,3,52,19
Cañete,Cuenca,51,29,0,0,82,1,60,7,0,0,0,0,0,0,40,13,1080,589,2,24,2,2,6,2,4,19,6,17,0,0,0,3510,561,28,8,357,0,0,718,13,7,24,0,2631,1098,267,84,255,8,15,68,33
Cebreros,Ávila,20,23,0,0,88,0,92,3,0,0,0,0,0,2,22,9,1288,840,7,8,1,1,7,5,4,22,7,10,0,0,1,3031,147,51,5,643,12,4,500,0,72,61,8,3187,1043,332,74,213,14,6,54,24
Celanova,Orense,152,64,0,0,37,7,97,16,0,0,0,0,0,3,37,2,1841,668,9,60,16,17,17,9,4,17,1,10,3,0,29,7391,525,38,1,61,11,0,563,261,2,0,0,6285,314,632,522,922,22,21,92,85
Cervera,Lérida,193,41,1,38,73,2,78,21,0,0,0,0,1,9,43,19,1890,920,32,59,21,12,27,15,11,46,17,25,0,3,5,5162,363,60,6,451,12,42,1685,61,0,2,2,6771,484,779,189,433,20,10,84,32
Cervera de Pisuerga,Palencia,197,23,0,22,68,5,103,7,0,0,0,0,0,1,54,3,2389,968,3,74,8,1,9,5,4,23,5,15,0,0,0,2899,845,95,155,362,38,19,381,25,161,410,72,3310,1118,967,180,274,15,12,92,71
Cervera de Río Alhama,Logroño,45,14,0,0,28,2,31,5,0,0,0,0,0,0,17,5,744,431,0,15,1,1,7,4,2,18,7,15,2,2,1,1287,35,17,9,305,52,0,384,60,0,201,27,1536,365,332,84,220,5,4,22,13
Chantada,Lugo,171,0,0,0,14,0,75,6,0,0,1,0,2,8,5,2,995,354,0,65,6,6,19,14,4,11,1,2,1,0,8,5345,1024,13,5,235,52,0,506,158,0,4,0,5437,992,1405,428,892,21,20,97,82
Chelva,Valencia,50,35,0,0,54,2,57,14,0,0,0,0,0,1,21,25,958,1009,7,4,1,5,5,9,3,16,4,17,2,0,0,3888,228,31,5,352,21,0,479,17,0,3,0,3587,372,186,101,209,18,8,128,72
Chiclana,Cádiz,30,27,0,25,115,11,190,11,17,208,4,204,0,0,10,9,456,335,5,12,0,1,10,5,5,18,6,14,0,2,4,1307,203,101,2,878,75,0,628,23,0,112,1,4398,772,297,35,65,5,4,47,24
Chinchilla,Albacete,29,16,0,0,139,2,44,14,0,0,0,0,1,0,11,16,547,425,0,4,4,3,5,4,9,20,3,16,0,2,0,1153,828,37,6,294,2,40,562,0,0,0,0,3478,1440,324,115,328,7,5,126,48
Chinchón,Madrid,62,32,0,75,297,26,671,19,0,0,0,0,5,2,24,23,1934,1372,19,25,6,55,14,15,4,34,14,43,0,3,7,2753,851,182,6,1024,134,36,937,16,0,82,2,6576,1031,1153,220,499,8,8,64,29
Chiva,Valencia,21,40,0,0,56,4,45,2,0,0,0,0,0,1,16,13,999,1087,2,10,3,1,8,4,3,23,6,11,2,0,6,4116,61,34,32,370,15,0,277,8,0,151,2,4620,508,448,105,153,6,5,66,42
Cieza,Murcia,36,7,0,26,94,3,50,17,0,0,0,0,0,2,12,10,774,613,16,26,5,5,14,5,5,23,3,11,0,5,4,2769,1191,237,29,557,545,0,387,33,0,25,0,4464,595,475,77,393,14,9,87,85
Cifuentes,Guadalajara,57,48,1,9,109,2,32,10,0,0,0,0,2,0,48,9,881,298,8,13,6,5,8,2,3,25,8,16,4,0,1,3613,242,27,24,333,37,0,330,12,0,44,18,1894,560,242,80,167,4,4,41,23
Ciudad Real,Ciudad Real,55,39,0,65,277,37,528,37,0,0,0,0,11,5,18,22,1374,1101,52,92,12,20,33,10,5,20,9,25,0,7,8,2302,137,89,32,853,203,0,821,13,0,16,0,2929,2162,1060,415,443,11,6,62,47
Ciudad-Rodrigo,Salamanca,103,67,0,18,164,9,591,42,0,0,0,0,4,0,73,32,2637,1819,20,107,13,6,15,9,5,42,7,7,5,1,1,5905,1396,62,9,887,50,0,970,78,0,27,0,3765,2597,1002,303,631,23,11,76,49
Cocentaina,Alicante,71,37,0,27,100,4,23,4,0,0,0,0,0,3,22,16,784,808,4,37,16,4,16,6,4,30,3,7,6,1,2,4525,557,72,31,463,46,0,727,30,2,375,2,4964,188,256,86,173,12,7,64,26
Cogolludo,Guadalajara,40,43,0,0,93,3,46,1,0,0,0,0,1,0,44,13,1187,419,0,7,8,8,5,6,1,34,10,11,0,2,0,3052,278,21,0,211,10,5,334,15,0,4,0,2038,806,345,72,188,8,4,34,16
Colmenar,Málaga,30,28,2,0,106,2,880,0,2,0,0,0,0,0,10,8,1354,917,5,20,1,3,4,5,4,12,5,14,1,5,1,5468,666,15,1,1047,43,0,231,25,2,10,0,5786,234,233,62,284,2,4,43,15
Colmenar Viejo,Madrid,58,41,0,2,286,23,207,4,0,0,0,0,2,1,35,9,1449,889,4,62,10,6,14,18,4,33,13,34,5,0,2,2164,579,121,24,801,59,54,1212,28,1,120,12,4811,1157,610,108,156,11,10,41,29
Corcubión,Coruña,99,0,0,0,33,2,56,23,4,460,24,211,0,2,25,5,1203,190,0,41,4,5,23,6,4,14,3,0,3,0,11,2358,2299,55,3,157,116,0,634,984,0,172,113,8817,350,719,148,483,11,14,119,143
Coria,Cáceres,73,32,0,12,42,1,96,9,0,0,0,0,11,1,19,17,879,568,47,53,28,1,12,8,4,23,4,11,3,0,0,1674,662,28,0,434,32,0,378,0,0,189,5,2660,796,463,74,380,6,7,45,40
Coruña,Coruña,127,30,0,57,710,96,2634,119,153,940,76,561,22,17,41,25,2134,1525,23,113,18,61,56,31,20,64,4,11,56,6,15,1875,2915,992,35,992,307,0,2894,2568,5,134,2064,9551,1543,2926,294,562,8,16,133,157
Coín,Málaga,38,29,0,14,69,5,57,11,1,0,0,0,0,5,1,4,419,576,1,15,6,2,6,13,5,9,4,11,0,0,1,5732,1084,19,18,1001,18,0,222,1,0,147,68,4337,79,257,99,631,11,2,44,15
Cuenca,Cuenca,158,93,0,96,364,26,160,37,0,0,0,0,30,1,72,27,1968,1329,14,262,17,2,29,21,8,31,11,39,21,4,4,4432,1569,130,19,648,9,0,1502,125,0,64,29,2535,1500,834,350,507,12,16,83,60
Cuéllar,Segovia,71,69,0,9,118,2,46,3,0,0,0,0,1,0,62,13,2139,1646,5,49,9,5,11,5,4,42,8,24,1,8,1,5927,2001,63,201,512,27,0,736,6,0,256,124,3826,1331,687,220,364,6,10,47,19
Cáceres,Cáceres,59,42,1,27,357,32,267,18,1,1,0,0,18,1,28,40,1274,878,22,116,10,18,57,16,13,25,11,21,1,2,5,1675,685,80,12,964,75,0,1331,95,43,25,5,3771,2490,922,109,258,8,7,88,26
Cádiz,Cádiz,147,120,6,169,611,172,3037,121,565,3794,395,3170,63,24,85,69,2396,1990,76,233,157,606,78,34,13,178,38,6,182,21,10,1009,10,1783,63,2836,248,56,7207,3816,0,1858,1262,506,4119,3689,563,354,7,4,171,106
Córdoba,Córdoba,160,110,2,328,479,76,357,81,0,0,0,1,21,8,42,54,1081,893,99,214,50,18,48,23,18,48,17,33,66,9,18,1257,125,456,65,1384,395,27,3490,873,12,477,190,7347,1116,2119,88,185,11,11,139,127
Daimiel,Ciudad Real,38,13,0,33,85,4,36,6,0,0,0,0,1,3,8,8,1173,1108,14,36,3,6,15,7,4,12,5,14,0,0,4,1897,269,84,8,417,13,23,524,22,0,9,0,2835,1075,362,90,315,1,2,47,23
Daroca,Zaragoza,101,56,7,37,136,5,77,13,0,0,0,0,1,2,47,21,1458,761,11,40,4,18,8,10,3,33,10,21,1,8,0,3962,262,142,76,413,35,0,1088,10,12,20,0,5080,989,759,161,332,15,9,70,22
Dolores,Alicante,44,48,1,0,103,8,58,8,0,49,0,15,0,1,17,15,826,648,15,37,9,9,13,8,3,21,3,10,0,0,2,3806,1199,20,11,640,46,0,816,17,1,18,0,5565,280,501,81,171,9,10,124,112
Don Benito,Badajoz,45,11,0,6,38,9,50,11,0,0,0,0,3,2,18,10,709,459,0,36,8,0,19,10,5,14,8,19,0,0,1,3032,811,25,7,1403,8,0,639,5,0,2,0,4360,724,357,89,486,6,1,109,39
Durango,Vizcaya,158,15,4,98,61,1,48,24,0,0,1,0,1,0,30,7,1600,957,2,82,12,0,21,14,5,27,10,34,0,14,14,1969,5570,124,109,171,66,0,1942,578,1,54,0,4074,317,778,135,213,11,6,39,30
Dénia,Alicante,51,39,3,43,111,6,71,10,2,393,10,69,1,5,22,33,1028,1000,18,36,13,12,27,9,4,33,6,6,6,3,4,6099,265,79,1,466,35,0,634,24,0,11,2,4698,219,482,58,150,10,8,46,29
Ejea de los Caballeros,Zaragoza,42,26,0,13,74,4,89,6,0,0,0,0,0,0,22,10,964,561,1,7,5,1,11,2,4,27,7,21,0,0,5,1429,139,74,9,43,0,0,497,3,0,0,0,7537,979,434,49,170,4,8,26,9
Elche,Alicante,31,26,8,17,76,4,59,6,3,424,28,474,0,3,13,11,739,565,18,35,0,1,16,6,4,17,6,12,4,2,5,4415,402,61,25,458,35,0,1133,140,1,8,0,4582,190,396,66,169,16,13,103,92
Enguera,Valencia,29,16,0,0,90,0,53,7,0,0,0,0,0,0,12,12,904,817,6,21,3,1,9,9,3,21,1,7,0,0,3,2544,273,83,55,487,11,0,504,98,6,263,95,3603,554,404,82,148,16,9,76,37
Entrambas-Aguas,Santander,114,16,1,36,42,7,747,29,0,60,10,40,0,1,40,7,2065,791,1,48,3,6,20,18,3,20,9,4,0,2,3,3424,2940,51,2,176,23,0,725,10,7,38,126,4315,346,713,58,110,11,17,75,126
Escalona,Toledo,28,29,0,7,71,3,60,10,0,0,0,0,0,0,18,13,1016,812,6,25,7,5,9,12,3,21,10,21,0,0,4,1688,481,55,0,446,1,0,383,0,0,4,0,2434,1134,380,74,136,3,4,31,23
Estella,Navarra,306,276,0,92,81,7,147,53,0,0,0,0,2,2,135,44,4877,4339,8,147,40,5,33,36,5,75,24,69,0,6,22,6714,1835,182,33,692,200,0,2236,162,0,57,31,9086,2452,1769,193,545,27,18,111,56
Estepa,Sevilla,56,21,0,14,100,2,51,15,0,0,0,0,0,0,12,21,1066,1218,2,25,2,21,10,4,5,13,1,18,8,6,10,2070,158,39,5,508,13,0,847,0,1,20,0,5766,525,379,58,244,8,5,127,36
Estepona,Málaga,16,9,0,0,55,3,205,5,3,16,0,250,0,2,6,9,352,338,3,3,1,1,6,3,3,7,2,4,0,0,0,2289,492,26,17,427,17,0,321,41,3,31,0,2427,67,224,15,75,4,3,31,19
Falset,Tarragona,95,56,1,6,32,0,92,12,0,0,0,0,0,2,37,30,1983,1514,4,26,3,6,15,8,10,52,12,11,0,0,1,4556,21,60,11,256,19,0,881,51,30,8,0,7168,322,542,131,259,20,13,68,54
Ferrol,Coruña,89,21,0,0,258,17,310,131,1652,2272,26,250,0,34,31,7,2217,1011,0,5,0,55,16,9,11,29,6,5,30,2,14,4338,4773,417,9,289,409,0,2862,1224,2,881,40,10886,742,1997,203,582,14,13,165,201
Figueres,Girona,195,122,0,111,234,7,1002,42,44,573,44,207,20,9,58,17,2831,889,106,73,25,11,34,17,11,77,31,46,35,2,8,6764,1300,322,61,884,165,0,3000,149,10,442,11,10687,385,2131,260,484,33,17,105,39
Fonsagrada,Lugo,82,0,0,0,26,0,89,7,0,0,0,0,0,1,4,2,85,13,0,67,0,0,5,4,4,6,1,0,0,1,5,3376,1644,8,0,117,15,0,102,0,4,1,1,1404,486,894,447,728,24,28,103,74
Fraga,Huesca,45,7,9,0,99,2,76,9,0,0,0,0,3,1,17,17,1166,877,8,22,7,7,12,6,2,35,11,18,3,1,4,5098,63,76,12,466,13,0,694,8,1,130,1,4592,950,448,66,189,10,7,36,16
Frechilla,Palencia,117,50,0,13,90,3,81,5,0,0,0,0,1,3,33,12,2160,1580,12,171,22,9,53,16,4,37,9,44,3,0,13,2757,1243,81,220,885,94,0,763,40,0,342,190,3094,1028,973,163,408,11,12,59,32
Frenegal de la Sierra,Badajoz,62,5,0,28,36,3,51,19,0,0,0,0,1,0,10,10,1288,1177,5,22,5,0,24,4,0,16,8,18,0,3,1,1983,87,31,12,161,24,0,765,0,1,22,0,4680,439,397,84,297,6,5,47,21
Fuente Ovejuna,Córdoba,26,34,0,1,58,0,44,4,0,0,0,0,0,0,13,7,624,385,4,0,9,2,6,5,3,11,2,18,1,0,1,2136,48,51,3,128,6,1,437,0,108,4,0,3441,452,297,24,163,7,4,46,2
Fuente de Cantos,Badajoz,54,11,1,30,57,7,101,13,0,0,0,1,1,0,14,10,1521,1238,14,23,7,5,19,5,2,12,8,22,6,2,0,2430,95,62,15,591,13,0,686,70,21,2,0,5836,511,348,38,215,6,4,43,13
Fuentesaúco,Zamora,36,25,0,0,96,5,22,5,0,0,0,0,0,1,28,18,1740,999,1,47,9,10,8,5,4,20,6,20,0,4,3,2375,846,27,7,271,25,0,413,6,0,6,0,2487,401,446,155,293,4,7,31,26
Gandesa,Tarragona,60,24,0,0,41,1,121,8,0,0,0,0,0,1,22,17,1403,1204,0,28,9,12,10,6,9,37,12,22,2,0,0,3926,65,54,1,69,5,0,932,2,3,0,0,3240,226,322,51,176,6,6,42,34
Gandia,Valencia,77,16,16,46,60,1,108,6,0,28,1,15,7,3,18,30,986,1526,4,33,16,5,16,12,4,33,4,5,1,1,4,3439,1665,108,16,750,137,0,1082,70,0,26,289,7182,324,567,171,325,10,4,88,100
Garrovillas,Cáceres,36,37,1,10,36,1,66,4,0,0,0,0,0,1,17,10,1093,740,6,10,3,21,12,5,4,14,3,22,0,0,0,1693,674,24,19,546,12,0,785,12,0,49,0,2380,453,239,58,294,3,3,31,22
Gaucín,Málaga,42,24,1,0,93,0,51,6,2,0,0,2,0,0,9,9,726,559,3,27,0,1,5,6,2,9,2,5,0,0,0,3553,779,3,10,584,88,0,291,5,2,2,0,3435,294,132,46,339,4,1,53,23
Getafe,Madrid,64,29,30,73,198,17,646,17,0,0,0,0,1,2,23,18,1392,918,38,35,14,15,19,21,4,38,18,28,3,6,5,1397,456,97,18,946,86,58,712,78,10,65,0,4425,624,756,156,298,7,4,35,13
Gijón,Oviedo,55,18,0,20,57,37,220,18,6,9,67,567,5,19,34,18,2393,1757,0,19,3,56,14,7,6,15,3,4,7,2,1,376,5103,188,8,207,46,6,1380,497,5,822,947,2099,462,557,42,111,24,9,35,55
Ginzo de Limia,Orense,120,71,0,0,32,4,80,7,0,0,0,0,0,0,22,2,654,164,0,35,21,0,6,6,4,9,2,11,0,0,6,6125,431,38,0,196,22,0,413,157,0,0,0,7812,388,422,185,248,14,11,39,28
Girona,Girona,319,98,0,173,301,19,1522,62,1,242,0,242,20,31,55,17,2644,911,51,220,130,24,42,18,9,64,36,38,75,10,8,5547,4518,534,74,540,168,0,3824,309,3,630,427,9985,331,2848,330,530,24,17,154,117
Granada,Granada,343,167,15,471,1109,239,2022,168,3,4,0,0,56,13,97,93,4560,3090,114,652,318,70,266,77,42,95,38,36,104,22,14,5669,2184,697,145,3275,1438,0,8055,4125,114,846,199,11663,1478,3823,561,876,10,16,450,222
Granadilla,Cáceres,43,21,1,0,66,1,34,1,0,0,0,0,0,1,31,18,1272,851,11,20,4,9,7,11,3,20,1,5,0,0,0,2615,157,30,36,456,9,0,360,6,1,107,553,3593,682,416,89,177,12,9,65,27
Grandas de Salime,Oviedo,42,2,0,0,16,0,41,0,0,0,0,0,0,0,16,4,872,164,0,29,0,0,3,3,4,2,0,0,0,0,0,335,2020,28,2,28,2,0,502,47,0,14,0,7599,270,306,394,642,28,22,46,54
Granollers,Barcelona,107,7,0,22,102,1,57,15,0,0,2,2,3,0,37,15,1649,812,0,72,11,17,8,9,9,35,19,26,0,1,3,3863,898,91,69,366,41,49,1727,92,9,772,668,7435,782,720,143,316,10,7,127,46
Grazalema,Cádiz,38,23,0,0,66,1,40,1,0,0,0,0,0,0,9,6,587,493,5,4,0,8,1,5,4,6,3,7,0,0,0,909,257,28,72,608,34,0,416,230,0,278,76,2185,213,189,56,235,8,9,52,39
Guadalajara,Guadalajara,52,46,1,138,338,24,1036,30,0,0,0,0,7,0,37,23,1066,755,5,132,9,37,22,18,5,38,12,32,12,2,4,2319,673,160,33,522,118,63,802,103,0,108,22,2754,870,862,118,238,11,4,27,25
Guadix,Granada,101,63,0,34,101,8,64,18,1,0,0,0,14,1,36,20,1816,1140,29,112,3,3,21,11,5,17,5,25,2,1,2,1615,1920,132,2,1074,176,0,660,177,33,105,0,5975,1006,698,233,1039,12,7,69,41
Guernica,Vizcaya,139,17,31,40,65,4,62,26,6,0,162,712,3,4,33,10,1740,986,4,75,9,40,23,14,6,28,11,13,2,4,18,2629,4068,122,7,1076,53,0,1086,667,0,14,171,4523,289,962,80,152,22,12,94,66
Gérgal,Almería,36,47,0,0,90,2,61,11,0,0,0,0,0,0,21,23,986,544,24,61,8,3,21,9,2,18,2,18,0,0,3,5309,1930,225,12,564,45,0,284,92,424,7,0,4107,404,453,152,860,7,6,93,48
Haro,Logroño,92,31,0,21,70,5,61,32,0,0,0,0,1,3,35,13,1531,1261,0,72,12,6,40,16,5,35,12,45,4,1,5,2722,630,233,12,260,24,0,1204,155,0,40,3,3818,664,1227,128,363,20,7,38,21
Hellín,Albacete,34,12,0,27,98,3,97,27,0,0,0,0,0,1,10,13,560,427,27,1,0,0,14,7,4,17,3,8,3,4,4,1141,543,52,0,453,100,1,625,146,4,168,6,3141,869,580,202,379,7,2,124,57
Herrera del Duque,Badajoz,28,5,0,3,37,2,61,9,0,0,0,0,0,1,13,5,848,436,0,4,1,2,7,6,0,12,6,10,0,2,0,1976,756,19,1,158,0,0,318,0,0,5,0,1706,832,297,68,351,5,5,48,36
Hinojosa del Duque,Córdoba,48,20,0,47,70,1,38,3,0,0,0,0,0,2,13,8,1139,764,30,17,1,0,8,2,4,10,6,18,0,9,4,944,1126,45,5,107,1,0,418,1,2,31,2,3041,1325,231,52,273,5,9,78,36
Hoyos,Cáceres,40,23,1,0,45,1,73,7,0,0,0,0,4,0,18,14,996,649,2,25,0,0,23,11,3,24,6,26,0,4,0,2449,63,21,3,470,4,0,530,25,0,1,0,2923,360,378,73,233,6,12,28,23
Huelma,Jaén,25,16,0,0,70,3,28,10,0,0,0,0,0,0,12,8,490,403,3,14,2,3,6,5,2,10,2,17,1,2,3,1881,533,50,11,492,2,0,261,13,1,0,0,3095,847,216,40,226,3,3,45,18
Huelva,Huelva,47,38,0,33,250,24,734,31,7,1005,56,935,11,1,11,15,949,646,3,56,2,4,24,10,3,20,9,11,0,9,5,2170,294,145,6,791,59,0,956,175,8,273,0,4389,712,677,73,169,4,4,45,20
Huesca,Huesca,189,92,0,170,392,12,400,16,0,0,0,0,16,1,96,36,2785,1574,63,236,47,8,42,13,4,65,19,34,18,2,7,6951,513,317,32,679,21,1,2146,87,0,37,0,7029,2919,1730,182,253,13,10,104,43
Huete,Cuenca,52,33,0,0,109,7,65,9,0,0,0,0,1,0,30,12,836,582,5,39,9,6,10,17,4,26,7,30,1,2,0,2361,1377,54,2,531,45,0,521,119,0,0,0,2141,1204,365,136,370,4,5,29,21
Huércal-Overa,Almería,39,32,0,0,40,3,44,3,0,0,0,0,0,0,7,12,560,291,3,59,4,3,12,2,3,12,2,6,1,0,2,2598,1107,90,8,544,89,0,393,35,309,10,4,3768,283,412,170,868,9,12,115,57
Huéscar,Granada,28,43,0,14,54,4,78,12,0,0,0,0,0,0,8,8,517,414,0,14,1,0,15,3,3,11,2,7,0,1,3,1481,1029,65,8,535,29,0,447,4,2,7,0,2841,967,447,211,421,3,2,104,19
Híjar,Teruel,44,18,2,0,66,1,33,21,0,0,0,0,0,0,16,16,1063,891,7,9,0,0,10,7,4,20,7,12,0,0,2,3548,397,140,8,149,5,0,874,9,26,0,0,3723,426,293,78,237,8,5,55,16
Ibiza,Baleares,53,2,0,14,96,8,117,3,3,421,37,419,3,1,3,3,103,54,2,110,19,0,12,6,3,9,5,0,0,3,2,2435,1778,19,11,166,33,0,343,36,1,22,4,3028,302,437,20,173,6,1,36,21
Igualada,Barcelona,119,33,3,15,91,0,83,7,5,0,0,1,3,2,35,20,1711,759,5,38,0,20,16,8,4,41,12,18,11,1,1,2745,435,146,199,429,35,10,2299,108,50,1983,736,6548,577,759,164,301,16,15,76,55
Illescas,Toledo,48,59,0,17,56,3,41,4,0,0,0,0,2,1,27,22,1481,1161,0,25,10,11,12,27,8,29,9,31,0,0,3,1697,958,85,25,565,14,3,565,10,1,103,0,4056,775,687,191,341,4,7,71,19
Inca,Baleares,161,57,5,79,175,7,174,20,21,49,11,123,0,2,19,32,1226,1212,16,57,15,31,6,12,4,42,14,19,0,1,3,8960,1251,112,71,897,86,0,1976,87,0,31,0,19904,1045,598,118,135,22,11,197,122
Infiesto,Oviedo,55,1,0,0,17,3,1,9,0,0,0,0,0,1,35,6,1779,622,4,15,1,0,7,10,4,8,2,0,0,0,6,2194,2153,41,0,153,35,0,243,65,3,0,0,2082,393,536,398,597,16,15,35,21
Iznalloz,Granada,31,29,4,0,137,4,40,3,0,0,0,0,0,1,17,11,1125,738,7,7,0,17,9,5,3,9,1,8,0,2,4,1504,963,18,3,586,12,0,280,1,2,0,0,4882,607,383,104,292,6,1,43,17
Jaca,Huesca,172,215,8,15,150,2,970,6,0,0,0,0,5,0,95,20,2690,1020,42,103,28,8,9,8,4,41,13,21,1,0,0,5602,135,99,0,395,13,0,970,100,0,11,1,3234,900,737,97,215,29,15,64,23
Jarandilla,Cáceres,36,18,0,0,70,0,39,2,0,0,0,0,0,0,17,14,1206,1016,7,18,6,2,6,12,4,16,6,26,0,0,1,2999,31,25,1,257,17,0,337,13,4,1,0,2494,604,349,106,282,4,10,40,26
Jaén,Jaén,87,123,11,88,412,60,494,27,1,2,0,0,10,2,17,20,1199,1178,223,16,11,1,34,22,8,24,7,11,18,9,13,2676,708,379,33,1052,188,0,1509,237,3,107,5,5442,521,1342,469,642,6,6,70,44
Jijona,Alicante,51,21,0,0,36,1,39,8,0,0,0,0,1,0,16,13,717,741,4,11,1,4,28,8,4,19,0,10,1,1,1,3813,930,152,27,208,6,0,341,7,0,40,0,3250,346,339,37,70,7,5,47,24
Játiva,Valencia,68,17,0,83,100,7,73,56,0,0,0,0,2,1,26,28,922,1144,2,62,11,2,48,10,5,36,4,14,0,3,2,1629,1324,380,9,622,6,27,1614,207,0,8,29,4242,435,924,88,460,8,5,50,33
Jérez,Cádiz,116,62,0,149,284,31,108,31,13,14,0,25,32,16,30,32,1568,1479,160,70,14,13,58,18,15,73,17,18,39,14,15,1570,184,483,39,864,82,55,4184,269,0,58,38,11534,3300,4067,302,201,8,16,128,102
Jérez de los Caballeros,Badajoz,52,9,2,32,59,10,232,11,0,0,0,0,1,0,14,9,1361,1040,18,23,3,0,18,5,2,15,6,27,6,0,1,2542,282,41,98,433,31,0,659,18,0,107,0,3683,1696,434,44,336,6,8,46,17
La Bañeza,León,143,11,0,0,70,2,107,6,0,0,0,0,2,2,75,11,3598,1441,7,81,13,4,10,9,4,27,3,11,0,1,1,4613,2502,71,84,760,41,0,593,44,0,214,25,5284,977,860,351,715,10,14,55,52
La Bisbal,Girona,135,65,0,50,109,8,107,16,64,786,55,544,0,4,34,27,1962,1017,0,77,8,4,33,21,9,42,28,28,10,0,1,4867,1067,197,103,846,112,0,1755,135,4,2133,21,7204,613,1805,145,464,15,14,127,55
La Carolina,Jaén,33,40,0,0,146,6,100,4,0,0,0,0,1,0,15,15,1047,1021,19,26,2,4,9,8,3,23,7,24,1,4,2,2429,148,153,19,605,7,0,715,31,363,51,0,5515,1870,786,54,382,3,5,63,33
La Cañiza,Pontevedra,156,0,0,0,17,0,67,3,0,0,0,0,1,0,24,5,1454,573,0,27,0,39,16,10,4,17,4,2,0,0,13,10992,3,9,0,84,2,0,332,30,1,0,0,3933,202,473,168,385,12,5,84,87
La Rambla,Córdoba,52,31,0,9,71,1,29,13,0,0,0,0,0,1,11,11,799,577,11,26,4,3,12,6,4,13,8,14,1,11,9,2942,625,83,17,387,9,0,625,0,0,13,0,5415,675,479,51,161,6,4,94,54
La Roda,Albacete,38,34,0,45,64,3,65,16,0,1,0,0,1,1,13,21,950,921,8,49,6,11,23,12,5,27,14,24,2,2,16,2053,371,86,33,756,38,100,857,23,0,44,0,4387,1561,577,225,531,14,6,102,45
La Vecilla,León,107,2,0,0,35,4,56,2,0,0,0,0,1,0,69,0,1704,603,6,68,19,6,6,9,4,12,1,1,0,0,0,3769,293,23,2,240,30,0,215,292,3,0,0,3374,464,611,129,291,12,7,35,60
La-Palma,Huelva,37,32,0,16,57,3,36,10,1,0,0,0,0,0,7,8,952,840,0,5,7,5,21,4,3,11,2,5,1,0,0,3348,494,30,8,303,20,0,536,13,0,123,0,5751,405,419,70,139,13,4,42,13
Laguardia,Álava,127,15,0,0,38,0,39,40,0,0,0,0,1,2,54,11,1626,1393,3,77,21,5,17,11,3,31,9,40,9,0,1,2944,473,45,5,254,30,0,759,46,1,16,3,3104,604,538,61,133,9,5,54,36
Lalín,Pontevedra,194,3,0,0,31,1,67,11,0,0,0,0,0,0,45,8,1581,397,0,98,0,0,30,8,4,11,2,1,0,0,10,7316,749,58,6,69,20,0,350,115,0,17,5,16744,819,939,833,1282,23,26,112,97
Laredo,Santander,40,7,0,0,26,8,42,29,0,617,0,30,0,1,13,5,1023,444,6,10,2,4,15,9,4,11,5,1,0,0,1,1006,663,61,13,93,30,0,336,92,0,9,0,737,111,335,42,86,16,5,25,38
Laviana,Oviedo,68,24,0,0,12,0,27,17,0,0,0,0,0,0,49,2,2691,1337,3,13,0,28,10,17,4,7,1,1,0,4,0,3275,4663,19,8,410,17,2,675,246,1708,1319,74,5627,546,597,488,735,87,79,89,63
Ledesma,Salamanca,64,41,0,10,74,2,114,4,0,0,0,0,0,0,64,14,1881,1239,0,35,12,13,6,3,4,26,6,8,0,0,0,3823,1877,29,13,356,3,0,885,23,0,47,8,3034,2159,739,201,327,5,9,88,44
Lena,Oviedo,72,5,0,0,28,2,100,16,0,0,0,0,1,0,49,3,1404,493,7,43,7,11,7,13,3,4,3,5,0,1,1,2310,2809,34,0,208,30,0,660,76,514,226,3,3094,405,527,315,553,140,133,157,90
Lerma,Burgos,105,82,0,79,102,6,103,17,0,0,0,0,2,2,70,8,2538,1419,5,44,14,7,12,10,4,55,9,27,0,2,0,4011,1273,57,27,359,19,0,624,7,0,24,0,3653,1191,574,259,300,11,8,69,45
León,León,271,30,127,70,329,40,123,26,2,0,0,0,27,1,71,24,3474,1350,34,323,253,10,48,14,8,31,11,16,0,9,4,6529,1895,96,5,497,100,0,2060,1886,2,34,0,4384,1605,2071,296,546,16,17,54,66
Lillo,Toledo,50,20,0,0,100,2,53,7,0,0,0,0,0,1,10,10,888,618,3,22,4,4,13,7,3,13,6,22,0,0,2,2577,573,41,2,651,671,64,351,0,0,12,76,2602,1440,467,169,391,5,2,48,17
Liria,Valencia,41,43,0,15,67,4,8,2,0,0,0,0,0,0,12,14,1036,1273,0,25,11,11,9,8,3,22,4,12,0,0,5,2577,942,122,5,197,12,0,612,9,0,13,0,4015,508,350,111,170,5,7,29,21
Llanes,Oviedo,57,38,1,15,40,3,75,9,1,0,0,12,0,0,41,3,1437,1005,0,6,1,6,7,6,4,12,3,1,0,0,0,1592,2964,61,0,373,19,0,894,59,8,0,0,2325,265,492,158,336,6,8,73,102
Llerena,Badajoz,82,10,0,15,50,7,69,14,0,0,0,0,3,1,24,12,1545,976,0,35,5,2,20,9,5,18,9,42,16,0,1,2732,371,69,7,1020,14,0,860,6,16,24,9,6277,1080,497,69,396,10,8,43,30
Logrosan,Cáceres,35,23,0,0,49,2,68,5,0,0,0,0,0,1,24,13,952,664,2,31,0,0,11,4,2,18,6,11,0,0,0,2932,309,11,6,222,6,0,525,10,0,0,0,3704,403,363,66,395,6,8,43,32
Logroño,Logroño,137,37,0,74,279,29,762,61,2,1,0,0,23,0,47,26,2229,1884,9,160,151,5,45,21,6,46,15,44,0,3,1,2757,591,268,16,549,155,20,1329,208,1,73,6,4319,821,1321,361,516,14,11,61,39
Loja,Granada,38,33,0,11,103,19,54,9,0,0,0,0,1,0,13,8,871,677,40,8,6,4,11,9,5,13,7,15,4,3,5,1615,1053,59,36,629,106,0,996,748,0,152,54,6030,391,761,159,494,15,7,102,42
Lora del Río,Sevilla,41,36,0,10,66,2,50,12,0,0,0,0,1,0,15,11,1111,865,5,13,4,0,15,7,3,13,6,19,0,2,3,1790,231,61,19,591,53,30,667,0,89,17,0,5356,610,597,26,143,3,0,76,43
Lorca,Murcia,69,72,4,45,131,18,195,26,40,90,20,51,3,2,22,18,1146,958,5,102,4,2,30,16,6,22,8,19,8,23,5,2024,3095,244,25,762,327,0,1522,272,108,195,1,11024,792,1304,151,654,11,7,154,75
Luarca,Oviedo,53,2,0,0,20,7,52,6,0,42,5,90,0,2,33,6,1020,631,0,25,0,2,16,9,5,5,3,1,0,0,5,1037,3536,55,0,257,54,0,562,659,1,10,0,12640,327,657,381,893,21,20,144,183
Lucena,Castellón,58,18,1,0,52,12,25,1,0,0,0,0,0,1,27,23,945,998,4,16,3,2,5,5,4,30,8,14,0,0,0,5238,247,133,25,388,49,0,910,12,4,348,5,4183,567,374,127,328,12,7,69,29
Lucena (Córdoba),Córdoba,65,16,8,113,64,8,62,14,0,0,0,0,1,0,12,12,479,181,22,42,8,4,6,6,5,8,7,14,18,7,14,2148,73,77,11,466,21,0,1308,0,0,24,0,4955,552,257,36,13,5,2,81,4
Lugo,Lugo,294,28,0,16,192,21,449,90,0,0,1,0,14,7,22,10,1088,609,85,280,28,0,46,17,7,30,5,6,19,2,13,6666,1929,107,6,425,102,0,828,372,0,10,0,9138,1765,2950,655,1203,33,24,273,233
Lérida,Lérida,237,20,4,111,345,24,1578,37,0,0,0,0,19,4,90,52,3330,2572,96,237,99,52,48,14,9,132,46,58,34,15,5,9265,844,351,17,1112,219,24,2582,48,1,48,23,13804,459,1504,222,405,26,18,125,87
Madrid,Madrid,855,127,115,1111,5257,1909,13120,1679,141,24,10,8,403,254,285,315,6740,5540,1174,3103,2879,824,1604,130,71,871,212,211,331,172,35,8080,1065,5788,354,11866,6291,1320,29114,15228,29,1347,344,16997,18427,26544,1444,818,84,27,463,454
Madridejos,Toledo,35,16,2,28,69,3,63,7,0,0,0,0,2,0,7,10,787,467,0,11,2,1,11,8,4,8,4,29,2,0,3,1162,188,47,10,576,53,0,667,20,0,136,2,2673,1296,342,169,498,5,2,56,32
Mahón,Baleares,168,2,3,44,201,16,3514,20,183,537,65,464,3,9,22,14,1045,611,26,19,2,29,26,10,3,30,8,2,21,1,3,2702,908,295,8,171,9,0,3254,674,2,231,114,4096,330,877,64,265,18,14,119,52
Manacor,Baleares,177,15,9,49,121,3,163,28,31,17,6,54,3,5,17,32,1196,1233,0,88,8,30,6,12,4,38,16,19,2,0,10,9984,1569,251,72,522,39,0,1256,57,0,25,3,22107,526,619,191,175,30,24,210,168
Mancha Real,Jaén,38,42,0,0,90,3,53,4,0,0,0,0,1,0,12,16,761,597,12,12,4,2,8,5,4,15,4,14,1,0,2,2182,356,66,10,265,5,0,506,7,1,0,0,3733,593,416,100,269,2,3,87,18
Manresa,Barcelona,234,83,44,158,151,4,619,16,0,0,0,2,4,6,32,29,1793,908,168,170,14,17,15,9,10,37,18,11,3,3,6,3340,1003,85,151,1556,314,53,1569,32,7,1691,2186,7265,1051,1374,385,314,22,8,91,54
Manzanares,Ciudad Real,40,35,0,28,120,6,46,7,0,0,0,0,1,0,13,8,1072,428,0,7,8,1,19,12,4,11,6,26,2,1,7,1066,251,68,15,753,11,80,539,5,0,5,0,3131,1112,460,107,115,5,5,62,18
Marbella,Málaga,23,18,0,0,92,7,227,24,6,146,2,284,0,0,8,7,431,249,10,4,0,1,6,5,4,6,3,9,0,2,3,2502,661,46,7,742,75,0,338,3,2,137,0,2997,414,239,23,85,2,3,110,11
Marchena,Sevilla,79,47,0,83,76,8,35,9,0,1,0,0,2,2,8,10,874,742,16,20,14,1,20,9,6,25,7,13,19,2,8,2356,292,94,11,442,19,0,986,2,0,15,4,7026,218,596,108,239,9,4,105,43
Marquina,Vizcaya,75,25,0,43,49,0,29,9,3,484,0,13,0,1,15,5,513,392,3,31,5,2,7,7,2,18,4,4,0,0,8,912,1276,25,2,612,184,0,739,562,1,1,0,2500,74,350,28,64,7,3,31,24
Martos,Jaén,99,79,0,35,115,5,42,7,0,0,0,0,1,1,19,20,1378,1441,12,12,4,17,16,10,8,24,6,18,31,2,9,3437,662,70,7,791,31,0,880,1,0,15,1,7727,1314,844,264,559,6,4,77,52
Mataró,Barcelona,105,41,0,158,59,2,77,13,4,245,116,767,19,7,37,23,1739,1130,2,95,35,75,28,7,6,35,18,13,42,5,2,2064,567,99,160,689,498,30,2583,248,17,2717,1081,3686,249,770,76,110,12,11,79,55
Medina Sidonia,Cádiz,31,40,2,47,119,5,92,7,6,8,0,7,0,5,9,7,812,1093,7,2,9,4,12,7,6,25,6,13,0,0,6,1769,592,127,3,839,9,0,654,23,2,12,0,6167,207,494,37,85,11,4,41,24
Medina del Campo,Valladolid,66,39,0,54,95,8,79,9,0,0,0,0,2,0,29,17,1446,1045,0,69,0,2,28,15,5,33,9,31,1,3,2,1803,524,130,17,797,102,2,780,129,1,27,0,3346,570,892,128,349,5,8,64,42
Medina del Rioseco,Valladolid,95,52,0,33,146,3,49,11,0,0,0,0,3,2,37,24,2221,1280,4,114,35,2,39,16,4,40,10,53,3,2,6,1980,1003,144,27,1103,20,7,1010,52,0,172,8,2693,1370,1206,153,555,8,8,39,19
Medinaceli,Soria,51,41,0,37,85,3,84,2,0,0,0,0,0,0,41,1,1025,399,6,31,8,3,3,4,3,24,5,12,0,0,0,2097,1373,15,1,166,7,0,286,7,0,0,0,1966,654,276,103,183,6,5,44,21
Miranda de Ebro,Burgos,104,84,3,15,62,6,119,17,0,0,0,0,3,0,39,1,1306,813,16,70,4,1,8,7,3,22,5,27,0,3,4,1136,1375,31,2,236,8,0,478,16,97,54,1,1999,776,454,77,117,12,3,29,14
Moguer,Huelva,32,32,0,29,98,4,92,11,3,183,10,173,1,2,11,9,892,719,1,9,2,4,14,7,4,12,2,7,4,4,1,1855,293,127,4,177,17,0,776,42,1,1,0,5173,318,328,29,45,2,1,41,19
Molina,Guadalajara,109,91,1,54,185,6,270,7,0,0,0,0,6,2,86,15,2212,1071,4,77,5,7,7,9,5,40,15,18,6,5,0,4592,1739,70,4,627,19,0,563,151,13,10,13,2100,958,676,273,598,17,7,60,38
Moncada,Valencia,43,93,0,0,55,3,48,4,0,1,0,0,0,0,21,25,1190,1315,3,34,5,2,0,3,4,22,3,13,0,3,1,1366,2648,9,45,638,22,0,787,6,0,586,742,3565,344,326,93,252,10,11,55,43
Mondoñedo,Lugo,184,28,0,11,106,2,103,40,1,42,1,4,4,10,20,3,873,357,20,231,0,4,19,11,4,15,2,2,0,2,20,2019,5258,120,3,324,81,0,466,287,0,9,0,4060,686,1263,345,767,13,5,72,83
Monforte,Lugo,167,0,0,20,68,4,118,6,0,0,0,0,9,1,11,6,574,277,0,90,0,0,28,14,4,14,3,3,0,0,13,5000,42,55,0,89,36,0,598,97,0,0,0,4420,624,1368,940,1700,24,13,122,118
Monovar,Alicante,42,21,0,0,63,6,15,11,0,1,0,0,4,4,12,9,552,622,28,67,11,6,19,6,4,18,2,8,1,1,2,3316,239,39,27,436,82,5,628,31,0,39,0,4113,122,410,38,70,10,5,51,21
Montblanc,Tarragona,78,52,3,23,89,1,52,6,0,0,0,0,0,2,30,15,1386,702,3,53,2,5,6,5,3,25,9,12,0,1,1,3361,50,48,9,272,11,0,954,5,5,109,10,6557,397,376,89,232,14,12,101,76
Montefrío,Granada,20,9,1,0,34,1,5,2,0,0,0,0,0,0,7,5,351,294,1,11,8,7,7,3,3,6,3,5,0,0,0,1457,494,51,0,267,31,0,173,71,0,0,0,3005,137,129,64,416,2,0,38,21
Montilla,Córdoba,43,7,0,59,45,2,34,11,0,0,0,0,4,0,3,3,187,84,7,14,1,0,13,6,5,6,6,9,1,0,3,593,136,62,6,348,5,0,692,56,0,8,1,3359,158,421,28,62,1,0,66,86
Montoro,Córdoba,44,15,4,29,46,2,39,6,0,0,0,0,0,0,10,12,394,294,15,15,6,2,12,6,3,19,11,25,0,2,7,1665,97,52,1,550,56,0,1152,59,5,0,0,5448,327,671,65,311,5,3,42,30
Montánchez,Cáceres,50,34,0,0,49,2,17,15,0,0,0,0,1,1,18,15,1025,728,0,43,3,3,11,8,4,14,10,13,1,1,1,2481,135,22,24,429,13,0,453,2,4,21,0,2396,460,237,83,202,11,10,22,22
Mora de Rubielos,Teruel,71,36,0,25,62,4,69,4,0,0,0,0,0,0,30,28,1446,1264,1,38,5,3,5,7,3,32,8,18,0,0,0,2057,435,28,5,191,3,0,806,44,1,155,33,3486,749,392,340,432,10,8,78,37
Morella,Castellón,71,46,0,0,94,1,294,2,0,0,0,0,1,0,21,20,995,879,0,33,3,2,5,7,3,27,4,17,5,1,2,1975,333,73,55,273,28,0,1801,173,0,57,24,2995,534,333,123,214,19,9,43,24
Morón,Sevilla,61,32,0,48,99,4,86,10,0,0,0,1,2,2,13,15,873,829,19,45,11,17,33,11,5,22,11,23,3,6,5,2884,392,133,76,711,98,0,849,1,0,81,0,10333,224,699,69,268,3,7,120,58
Motilla del Palancar,Cuenca,87,39,5,35,183,13,144,22,0,0,0,1,2,0,36,18,1561,1075,5,51,4,9,30,14,4,38,7,25,0,0,12,4652,521,62,48,772,22,0,939,5,0,2,0,5758,1088,497,199,533,6,9,93,41
Motril,Granada,46,44,0,16,158,14,240,8,46,544,15,80,0,0,25,15,1449,985,0,63,7,5,17,10,7,14,5,17,3,1,3,2440,871,436,7,748,451,0,888,44,207,95,9,6851,355,550,173,578,20,15,96,41
Mula,Murcia,46,22,0,30,63,3,77,16,0,0,0,0,0,1,15,17,852,709,5,60,1,1,17,6,5,16,3,10,0,0,8,2137,2756,70,13,472,7,0,847,0,1,33,0,6147,729,503,75,408,3,8,102,50
Murcia,Murcia,226,53,0,272,544,92,404,94,3,2,0,94,17,5,56,41,2920,1584,268,574,7,12,68,25,12,75,13,35,86,16,11,2371,7118,459,28,2700,178,1,3616,1437,188,306,17,14562,1610,2549,431,1938,33,23,343,261
Murias de Paredes,León,132,1,0,0,10,0,33,2,1,0,0,0,0,0,106,1,2350,771,0,98,25,6,13,8,3,9,2,4,0,0,0,2981,1414,16,1,59,1,0,275,4,1,0,0,2496,285,1051,187,434,13,5,55,79
Muros,Coruña,83,3,1,0,36,1,45,6,2,954,59,334,2,7,22,2,602,125,2,27,0,35,4,5,4,14,0,1,0,0,7,3363,1573,42,7,71,20,0,489,327,0,10,6,5017,172,465,251,790,7,7,110,117
Murviedro,Valencia,70,101,0,23,96,4,111,8,0,12,0,6,1,0,22,27,1096,1253,5,20,3,2,10,8,3,27,4,14,3,5,5,3265,1137,58,23,830,91,0,872,30,7,28,6,5636,497,553,126,338,11,7,79,47
Málaga,Málaga,206,93,6,308,1035,211,2144,151,52,436,325,1866,48,7,69,70,3381,1851,188,401,31,49,88,37,24,131,28,38,117,16,17,4876,576,1728,103,3370,1956,26,8040,733,26,3326,460,10385,1728,4980,343,548,29,27,368,130
Mérida,Badajoz,74,22,1,25,87,7,99,15,0,0,0,0,3,3,28,12,1549,735,4,19,0,5,17,6,2,25,10,46,2,8,3,3343,301,45,17,1095,16,7,699,6,2,4,1,5139,1081,533,99,356,6,7,83,36
Nava del Rey,Valladolid,45,32,0,23,77,3,28,7,0,0,0,0,1,0,14,16,1138,1003,6,64,6,1,25,10,5,23,6,33,0,0,5,1356,312,61,4,496,23,0,924,24,0,5,0,2421,769,532,123,398,7,3,24,10
Navahermosa,Toledo,31,24,0,15,58,3,45,5,0,0,0,0,1,2,20,16,1154,1011,0,27,2,5,6,11,3,19,7,27,0,0,0,2154,466,59,16,289,20,0,797,14,3,13,2,3171,1912,565,155,295,10,6,66,40
Navalcarnero,Madrid,21,23,1,15,142,14,60,8,0,0,0,0,1,1,22,10,939,726,4,21,4,11,9,6,5,22,6,20,4,0,3,2223,497,63,22,518,44,5,419,8,0,125,49,2890,362,319,39,108,8,2,24,11
Navalmoral de la Mata,Cáceres,35,48,0,0,120,1,50,2,0,0,0,0,0,0,33,19,1509,1141,0,6,5,4,5,8,4,28,9,8,1,5,1,2538,319,58,11,407,11,0,433,7,0,86,0,2446,1162,375,44,161,10,15,23,31
Negreira,Coruña,83,0,0,0,37,2,35,8,0,5,0,1,0,0,26,0,1052,329,0,34,9,7,9,5,4,10,0,0,0,0,10,4473,1893,20,1,46,40,0,203,197,0,1,1,12907,396,764,202,634,7,13,80,119
Novelda,Alicante,38,24,0,0,72,6,20,12,0,2,0,0,2,4,13,21,725,668,22,10,10,4,25,11,5,15,2,6,3,0,3,3685,154,84,11,409,11,15,675,63,0,35,0,4128,188,382,42,87,2,10,71,33
Noya,Coruña,108,23,1,0,68,14,49,20,9,1317,21,421,0,9,23,5,1189,603,4,61,15,18,15,10,4,31,3,1,3,1,10,5021,1153,61,51,560,260,0,1651,670,1,230,189,10376,393,862,229,601,33,16,174,211
Nules,Castellón,35,6,0,0,66,1,513,1,0,31,0,84,0,1,15,16,722,959,3,39,0,6,16,5,4,25,4,11,0,1,9,2948,411,42,14,238,42,0,864,12,0,19,0,4377,230,356,77,516,21,5,54,28
Nájera,Logroño,111,57,0,35,160,9,23,19,0,0,0,0,2,0,48,13,1876,1489,2,100,11,6,19,10,4,36,10,33,0,0,2,3045,1237,51,20,349,11,0,693,16,4,116,9,3439,802,715,145,260,11,12,46,30
Ocaña,Toledo,68,28,94,71,90,14,580,12,0,0,0,0,4,0,18,20,976,894,6,39,16,7,27,15,4,23,12,32,6,2,8,2235,175,71,48,764,40,20,546,7,0,45,0,3317,1266,519,143,320,8,5,96,36
Olivenza,Badajoz,41,11,0,0,78,11,98,20,0,0,0,0,1,1,21,11,1061,940,2,27,4,4,11,4,0,13,7,18,2,2,0,1537,315,73,46,1701,100,0,713,17,11,44,12,5691,1596,755,92,260,6,5,57,32
Olmedo,Valladolid,59,42,0,36,139,1,61,5,0,0,0,0,1,0,40,20,1927,1357,6,56,20,8,21,10,4,47,9,34,0,0,8,2391,930,88,13,582,32,0,821,16,0,50,2,3752,1278,782,119,319,15,8,28,15
Olot,Girona,180,62,6,34,85,5,105,9,0,1,0,0,7,1,26,18,1299,805,10,177,17,12,19,7,6,31,7,13,0,2,4,2142,2597,533,85,560,119,0,1145,188,4,1136,113,7349,926,1887,617,938,48,32,112,52
Olvera,Cádiz,44,32,0,0,51,7,36,5,0,0,0,0,0,1,10,5,559,417,1,2,1,4,12,3,3,16,2,7,0,10,1,1817,561,32,9,428,10,0,449,26,0,0,0,6178,213,302,49,117,8,7,64,30
Onteniente,Valencia,54,16,11,43,51,0,50,6,0,0,0,0,0,0,8,11,825,836,3,23,1,1,18,12,4,24,3,6,3,4,7,1754,1427,61,74,617,28,0,903,100,0,339,65,2921,349,417,93,278,21,6,60,19
Orense,Orense,227,96,1,7,304,20,458,51,0,0,0,0,17,1,42,10,2329,1082,10,216,95,8,56,12,8,47,9,11,7,3,32,10402,70,216,4,588,201,0,1240,792,4,2,2,11082,1041,2255,419,652,42,24,166,155
Orgaz,Toledo,50,49,2,1,63,4,50,13,0,0,0,0,5,3,19,20,1368,1177,6,24,16,10,18,18,8,22,11,29,4,1,11,1936,182,100,151,794,21,0,879,83,0,363,130,2996,2229,604,193,393,22,12,54,20
Orgiva,Granada,57,50,0,0,264,4,28,12,0,0,0,0,1,2,34,24,1423,908,4,42,19,7,15,13,7,23,5,22,0,8,1,3985,1638,40,20,989,65,0,570,12,67,1,0,5678,390,451,288,539,20,14,82,37
Orihuela,Alicante,100,81,0,136,208,21,149,18,0,478,36,148,2,1,33,29,920,849,21,74,27,14,28,13,4,31,5,12,10,2,1,2808,1668,83,8,1802,534,0,874,175,14,13,2,4917,580,681,68,186,9,11,116,103
Ortigueira,Coruña,43,3,0,0,44,1,66,9,11,312,6,146,0,3,21,1,587,132,0,9,0,1,8,6,4,7,0,4,5,0,11,1783,3498,60,1,55,55,0,305,185,5,1,1,9173,613,1131,193,639,14,12,85,139
Osuna,Sevilla,41,23,0,50,89,10,66,23,0,0,1,0,2,0,17,14,949,895,2,50,1,0,22,7,7,23,3,18,10,6,9,2122,612,73,37,577,3,0,605,1,0,327,22,6571,479,606,68,155,8,1,113,50
Oviedo,Oviedo,250,33,0,44,493,62,330,59,2,0,0,2,37,16,104,23,4809,2422,37,391,136,16,92,30,12,19,7,9,36,6,4,4127,12271,342,4,750,440,8,2659,1021,242,189,210,18964,982,2231,501,930,56,41,211,170
Padrón,Coruña,83,13,1,0,74,4,62,11,23,308,3,11,0,5,23,3,1316,658,1,39,5,0,10,4,4,11,2,2,0,0,7,6065,674,188,3,154,20,0,1017,418,0,7,0,5150,425,655,145,394,14,10,107,99
Palencia,Palencia,159,58,0,117,314,31,139,27,0,0,0,0,15,3,42,23,1845,1164,56,304,95,19,59,29,7,53,13,48,50,9,9,2055,763,236,158,997,196,91,1368,291,8,889,980,3269,948,1430,141,339,9,9,71,51
Palma de Mallorca,Baleares,427,82,14,275,679,57,1946,156,103,1949,421,782,19,9,67,94,3322,3420,57,234,22,127,94,35,17,95,35,20,116,10,16,8798,843,786,264,1687,342,0,8907,2570,3,541,398,19205,1341,2696,281,601,23,16,904,572
Pamplona,Navarra,558,560,0,224,261,40,2129,136,0,0,0,0,34,4,204,96,6457,5078,211,645,21,34,75,52,19,141,35,67,45,27,22,7236,4034,667,59,1189,541,97,5556,311,53,421,123,10634,3950,4586,335,445,44,23,167,102
Pastrana,Guadalajara,54,52,57,9,82,4,57,6,0,0,0,0,0,0,30,16,977,645,2,20,13,4,16,12,3,29,12,33,0,4,0,3046,642,54,31,442,18,0,540,11,1,27,2,2998,1024,436,133,291,9,5,47,30
Pego,Alicante,34,21,0,0,43,0,43,2,0,0,0,0,2,0,11,13,351,500,2,7,5,4,15,2,3,17,1,2,0,0,0,2436,108,21,0,204,4,0,415,1,0,12,0,2564,76,109,43,66,12,5,27,17
Peñafiel,Valladolid,54,44,0,10,112,3,42,6,0,0,0,0,1,0,33,9,1667,694,1,50,10,1,15,6,4,30,6,22,6,0,1,3095,702,77,54,252,76,1,624,20,0,99,15,2241,1349,432,114,153,8,4,64,20
Peñaranda de Bracamonte,Salamanca,50,41,0,24,87,5,79,5,0,0,0,1,0,0,42,19,2076,1611,7,52,19,9,20,8,6,40,8,30,7,1,2,4224,1372,251,62,452,25,0,1161,221,0,378,466,2746,1249,874,242,382,14,7,76,44
Piedrabuena,Ciudad Real,20,26,0,15,73,3,63,3,0,0,0,0,0,0,17,13,904,607,0,7,0,0,1,3,3,10,2,6,0,0,0,1458,25,42,13,424,8,0,269,2,1,0,0,1798,1337,224,44,261,5,1,31,9
Piedrahita,Ávila,57,56,1,15,81,1,41,3,0,0,0,0,0,0,67,11,2377,972,6,23,2,0,10,4,4,38,8,11,0,1,0,3024,955,27,2,525,14,0,433,3,0,10,0,3125,1910,564,233,521,12,15,78,47
Pina,Zaragoza,45,24,0,22,60,5,96,7,0,0,0,0,1,0,23,19,1159,910,5,9,8,9,17,6,4,30,10,22,0,0,4,3018,188,161,6,364,20,0,613,1,0,31,18,3165,927,533,76,298,9,10,55,22
Plasencia,Cáceres,100,23,6,85,75,13,150,22,0,0,0,0,4,1,28,25,1504,1288,32,111,16,5,18,10,8,27,7,21,6,0,5,2587,289,70,16,694,65,0,686,61,0,26,1,3751,1288,723,123,310,9,10,62,50
Ponferrada,León,162,36,1,19,99,8,125,15,2,0,0,0,1,0,97,12,2904,347,0,41,6,6,17,11,4,14,5,17,3,0,2,7224,2804,95,10,692,322,0,748,85,3,31,5,12243,839,2140,471,904,111,108,131,105
Pontevedra,Pontevedra,117,8,0,13,279,32,239,45,3,2253,16,123,10,3,35,26,2272,1250,10,131,12,10,24,17,4,31,5,2,1,1,23,8552,831,188,19,980,1943,0,2970,887,1,40,1,14235,646,1565,669,1576,47,37,288,293
Posadas,Córdoba,33,31,0,11,55,7,47,4,0,0,0,0,2,0,12,11,746,623,11,7,4,4,10,4,3,13,3,14,1,26,8,1616,359,72,17,474,36,30,638,11,8,146,0,5350,223,747,56,104,3,3,40,19
Potes,Santander,64,1,0,0,21,5,22,10,1,0,0,0,1,1,29,2,780,481,0,45,1,0,10,3,4,10,2,4,0,0,1,1342,1088,35,0,94,22,0,271,51,4,0,0,856,338,469,114,173,12,15,45,54
Pozoblanco,Córdoba,57,42,6,27,108,1,45,8,0,0,0,0,0,1,15,11,1324,1165,11,10,7,12,6,4,4,14,5,14,0,0,1,2054,579,71,15,202,0,0,791,8,7,109,78,4707,1188,316,137,432,8,4,78,62
Pravia,Oviedo,98,32,0,0,25,9,126,25,2,292,0,0,1,1,49,11,2268,943,2,32,25,5,22,17,4,11,5,4,3,1,3,2222,4149,137,3,173,224,0,684,660,0,351,2,6138,300,670,299,679,20,6,160,82
Priego,Cuenca,54,40,49,12,64,8,56,2,0,0,0,0,0,1,43,11,1041,492,2,16,10,2,10,3,3,19,7,18,3,1,1,3473,540,32,3,324,10,0,460,0,0,13,4,1498,642,277,82,204,8,3,27,17
Priego de Córdoba,Córdoba,47,28,0,23,91,2,38,8,0,0,0,0,0,0,11,11,493,397,18,23,3,5,18,7,4,14,3,12,1,1,5,2147,1016,65,23,352,254,0,569,173,0,103,230,5105,472,707,90,345,7,2,46,34
Puebla de Alcocer,Badajoz,37,5,0,13,23,0,27,9,0,0,0,0,0,0,14,7,898,524,1,6,3,0,10,6,1,12,4,10,0,5,0,1858,1323,24,1,465,4,0,239,5,30,0,0,1893,850,185,59,240,3,1,50,13
Puebla de Sanabria,Zamora,115,107,4,0,123,2,142,4,5,3,0,0,1,0,55,2,1993,277,5,24,2,22,7,5,4,17,5,16,0,0,1,4083,968,32,2,254,8,1,338,2,0,6,5,2605,312,809,660,1081,21,19,68,52
Puebla de Trives,Orense,103,101,0,0,27,1,60,2,0,0,0,0,0,2,12,2,1012,108,3,26,1,5,11,6,4,12,5,7,0,1,8,3960,12,14,0,189,67,0,251,52,0,0,0,2384,422,733,284,700,31,16,29,45
Puente del Arzobispo,Toledo,43,33,0,2,127,2,127,6,0,0,0,0,0,0,28,22,1685,1566,2,8,8,12,9,8,3,28,13,32,13,1,0,2666,626,57,1,445,21,0,908,23,17,27,4,3660,2233,539,161,420,17,10,82,35
Puente-Caldelas,Pontevedra,97,35,0,0,72,0,23,5,0,54,0,2,0,0,31,4,841,182,0,64,0,0,12,3,4,14,3,1,0,0,5,9993,18,18,8,68,11,0,2950,70,0,0,0,8867,488,338,114,371,9,7,109,98
Puentedeume,Coruña,58,0,0,0,48,8,26,15,8,1063,1,1,0,1,38,5,1322,565,0,22,4,1,13,6,5,5,0,0,0,0,11,2761,1237,94,6,260,55,0,510,240,0,13,0,6531,377,730,289,846,22,11,78,60
Puenteáreas,Pontevedra,178,9,2,0,87,6,88,18,0,0,0,0,1,0,33,6,1253,324,3,83,5,6,13,16,3,25,5,6,0,3,38,10221,78,123,6,143,25,0,606,229,1,22,0,7665,698,696,193,476,17,12,186,192
Puerto de Santa María,Cádiz,37,35,50,41,99,26,1155,43,17,568,23,918,7,8,16,18,995,1027,27,13,7,7,15,6,6,30,10,6,8,3,2,463,254,485,21,611,58,11,2124,445,0,398,20,3781,1271,637,47,21,12,1,43,7
Purchena,Almería,50,62,0,0,99,2,48,7,0,0,0,0,0,0,29,18,967,567,1,38,6,3,14,5,4,19,1,9,0,0,3,6250,1560,49,1,524,26,0,386,23,24,245,0,4304,503,413,176,764,16,12,136,74
Quintanar de la Orden,Toledo,52,26,0,53,69,4,41,16,0,0,0,0,2,0,15,16,1043,887,3,31,6,8,19,12,4,22,9,27,0,2,1,2028,576,93,17,704,37,18,618,35,0,19,0,3122,977,503,161,427,11,7,47,28
Quiroga,Lugo,65,0,0,0,6,3,53,1,0,0,0,0,0,0,2,1,179,40,0,25,0,0,5,6,3,1,1,1,0,0,7,3198,30,5,12,63,16,0,166,22,5,53,2,1787,292,478,274,538,46,31,95,71
Ramales,Santander,32,2,0,0,25,0,51,0,0,0,0,0,2,0,18,3,738,167,0,3,0,0,6,5,2,8,4,3,0,0,0,1091,1279,159,0,71,1,0,112,1,3,0,0,1924,92,197,35,51,6,1,49,39
Redondela,Pontevedra,94,0,0,10,28,1,36,5,2,453,1,8,1,0,25,3,1148,330,9,22,2,18,9,9,5,18,2,2,0,0,7,4936,4,6,0,152,265,0,346,179,1,0,0,6836,212,495,377,1088,10,9,129,139
Reinosa,Santander,144,5,0,0,19,2,40,5,0,0,0,0,0,0,23,1,1380,545,0,3,0,6,12,7,4,19,8,7,0,0,0,1614,502,58,5,429,22,53,299,159,4,76,4,2533,664,936,249,499,6,5,53,81
Requena,Valencia,32,18,1,16,97,0,69,10,0,0,0,0,1,0,15,6,853,866,3,46,1,0,20,5,4,16,8,13,10,1,0,2741,642,91,12,507,119,0,1586,27,0,50,345,4243,1081,1822,140,210,17,7,107,73
Reus,Tarragona,114,71,8,37,85,3,530,40,0,128,0,1,18,0,41,34,2081,1692,73,104,6,0,37,13,8,51,16,15,48,12,4,3793,128,185,126,642,205,0,3387,383,13,2552,1008,6053,205,980,123,179,21,10,89,60
Riaza,Segovia,53,53,0,9,57,0,46,2,0,0,0,0,0,0,51,5,1446,1009,1,14,10,0,6,4,4,26,6,19,0,0,0,3486,1129,24,51,424,9,0,186,9,0,319,581,1294,565,417,98,152,5,11,15,9
Riaño,León,107,2,0,0,116,0,34,3,0,0,0,0,2,0,153,1,2141,1520,8,117,5,0,3,7,3,10,2,1,0,0,0,2688,496,29,13,724,4,0,131,23,60,20,0,2782,442,465,149,388,17,14,100,103
Ribadavia,Orense,113,54,0,0,43,7,69,18,0,0,0,0,0,3,32,2,1181,452,1,48,15,12,35,12,4,18,4,2,3,0,14,6733,41,8,0,81,14,0,409,100,0,0,0,7689,247,580,290,583,33,26,84,54
Ribadeo,Lugo,48,0,0,12,30,5,65,19,5,34,16,111,6,4,7,2,415,121,0,25,0,17,10,7,4,9,3,2,0,0,6,369,2466,44,0,41,14,0,322,121,0,0,0,1319,311,619,100,269,9,8,28,28
Ribas,Girona,132,42,4,16,57,4,95,5,0,0,0,0,0,3,27,14,1020,666,0,23,5,3,11,6,4,23,8,11,7,0,1,2350,948,96,23,454,29,0,1201,6,45,150,87,4116,1131,1228,397,722,69,44,46,38
Roa,Burgos,36,29,0,0,51,0,44,4,0,0,0,0,1,1,29,2,1405,389,3,25,0,4,11,11,4,30,8,18,2,4,1,2683,414,84,7,191,3,0,363,0,0,7,0,2775,462,348,83,133,4,1,40,21
Ronda,Málaga,51,54,2,47,156,12,151,31,2,0,1,0,1,0,19,18,1023,741,33,32,10,4,22,9,2,22,7,14,0,8,3,5592,1696,80,51,681,43,0,1245,77,0,164,10,7731,202,789,78,207,13,9,93,44
Rute,Córdoba,49,18,0,0,33,1,33,0,0,0,0,0,0,3,7,8,629,562,28,19,14,0,4,4,5,11,8,12,0,0,1,734,427,20,11,346,2,0,363,0,0,4,0,4527,143,264,66,226,2,2,36,13
Sacedón,Guadalajara,36,31,0,18,96,2,47,6,0,0,0,0,0,0,32,12,665,434,3,17,9,3,9,7,4,16,7,23,1,0,0,3580,558,66,1,439,12,0,354,18,0,31,45,2176,436,240,61,146,6,3,38,21
Sahagún,León,130,12,0,17,29,1,86,3,0,0,0,0,2,2,42,4,2315,1519,25,96,18,0,9,6,2,25,5,6,0,0,2,3025,1293,56,5,373,12,0,512,23,2,7,1,2018,1162,881,174,322,13,3,36,27
Salamanca,Salamanca,201,181,0,145,432,27,166,46,0,0,0,0,52,7,100,54,3127,2683,100,363,305,48,111,27,16,70,11,39,55,8,8,4377,2268,509,39,1049,87,0,2407,401,3,229,40,3672,2234,2288,428,545,17,8,135,88
Salas de los Infantes,Burgos,79,78,0,0,57,1,53,9,0,0,0,0,0,0,72,4,2399,1051,0,27,4,4,4,5,4,42,12,10,0,0,0,4060,248,41,6,610,10,0,306,1,0,3,0,1173,636,589,175,347,12,10,55,42
Saldaña,Palencia,140,28,0,0,45,3,101,9,0,0,0,0,2,0,52,6,2296,1806,13,74,4,14,14,10,4,35,8,18,3,1,0,3359,975,89,162,377,31,8,560,34,0,76,50,3401,1225,850,202,336,16,9,70,34
San Clemente,Cuenca,50,24,0,66,96,6,72,16,0,0,0,0,1,0,26,20,1088,918,15,29,9,2,30,16,2,27,8,29,1,6,10,2765,388,59,5,338,12,0,966,9,0,34,13,3366,1271,527,117,401,6,4,74,29
San Fernando,Cádiz,33,33,0,50,453,32,137,76,1372,1192,20,86,7,17,30,23,948,825,16,166,5,150,13,5,4,52,13,5,31,25,3,433,82,173,37,940,292,68,5402,82,0,2567,64,1241,1181,727,33,28,1,6,49,9
San Martín de Valdeiglesias,Madrid,14,18,0,0,69,4,43,7,0,0,0,0,0,0,14,9,741,458,1,5,3,4,5,12,4,14,6,10,0,0,0,1556,141,57,5,253,2,32,388,19,15,97,0,3005,198,229,41,97,2,5,27,13
San Mateo,Castellón,47,9,15,20,34,1,52,4,0,0,0,0,0,1,9,11,716,682,0,32,0,4,12,5,3,26,8,15,1,1,4,1972,24,12,10,242,0,0,450,0,2,0,0,3795,332,241,54,82,15,8,52,23
San Roque,Cádiz,27,24,0,0,92,11,326,20,9,35,0,87,0,2,16,10,643,552,4,3,1,0,10,10,3,12,5,15,1,0,1,1136,343,173,18,1602,47,0,802,259,0,25,0,4111,854,527,43,49,2,5,66,31
San Sebastián,Guipuzcoa,108,48,0,141,326,32,974,43,75,9,40,209,5,11,26,27,1792,1355,7,36,0,36,30,15,4,31,14,7,14,11,19,1648,3346,317,27,1339,266,47,2025,716,163,539,416,3886,909,2051,173,281,10,8,92,96
San Vicente de la Barquera,Santander,62,23,0,0,43,0,31,6,4,63,1,4,0,0,32,3,1364,712,0,8,2,0,11,8,3,11,3,4,1,0,7,2204,1134,77,0,112,12,0,344,29,185,11,4,5285,271,430,98,122,12,4,61,42
Sanlúcar de Barrameda,Cádiz,47,27,0,43,112,8,88,7,12,752,22,444,2,1,10,16,696,509,13,34,13,19,16,8,6,25,8,5,5,1,2,1097,88,224,1,546,58,0,1430,122,1,1,19,4802,436,559,42,117,6,2,48,26
Sanlúcar la Mayor,Sevilla,52,83,0,22,110,9,98,2,0,0,0,7,0,0,19,25,1402,1247,0,34,0,9,16,11,3,26,7,19,1,2,2,2702,183,64,7,1050,36,0,751,24,135,14,0,7317,988,556,79,178,9,10,71,20
Sant Feliu de Llobregat,Barcelona,69,42,0,0,89,0,120,13,1,1,0,0,0,5,33,16,2190,982,3,25,8,11,10,4,4,37,19,18,0,4,2,3918,932,18,30,517,149,33,2400,31,5,464,208,6723,442,673,109,171,16,3,100,34
Santa Coloma de Farnés,Girona,133,38,0,18,83,4,218,19,1,651,68,303,0,2,32,20,2070,1001,1,63,31,33,11,12,3,41,24,22,11,7,2,4372,2498,213,59,1037,95,21,2339,587,19,249,14,8408,481,1978,210,340,42,24,94,72
Santa María de Nieva,Segovia,65,57,1,18,121,3,99,5,6,0,0,0,0,0,60,19,1874,1550,22,83,17,8,7,8,3,50,11,36,1,3,1,5084,1797,99,242,760,38,0,618,9,1,548,26,2902,1294,858,152,314,6,13,55,26
Santafé,Granada,42,24,1,0,67,0,23,3,0,0,0,0,0,0,20,18,919,697,4,30,6,3,8,4,5,12,6,10,0,2,8,1653,1480,26,7,603,52,0,359,3,0,41,0,5712,139,811,113,442,11,6,36,16
Santander,Santander,123,30,2,37,491,29,333,48,8,380,299,1598,32,19,40,28,2781,1980,181,340,8,2,53,15,9,55,10,8,124,6,4,1885,3711,881,7,829,209,84,2764,1488,12,90,1083,3097,609,2363,137,186,19,8,94,48
Santiago,Coruña,283,36,0,109,347,61,285,101,8,8,0,0,56,1,52,28,1813,1293,9,430,365,21,132,41,13,64,8,11,96,4,17,3855,637,353,17,514,1065,0,1967,1711,5,193,61,8226,952,2635,280,903,15,27,165,228
Santo Domingo de la Calzada,Logroño,83,19,0,19,41,1,20,5,0,0,0,0,4,1,36,10,1186,971,0,101,45,19,15,11,4,21,6,28,0,1,0,1029,1168,66,68,269,5,0,670,33,16,491,64,1445,581,452,148,311,2,1,31,10
Sariñena,Huesca,50,11,0,25,57,0,66,3,0,0,0,0,2,0,32,16,1158,660,5,13,8,4,7,8,4,31,12,24,0,1,3,4486,37,73,0,469,7,13,462,7,0,0,0,2258,1358,470,48,110,11,6,37,13
Sarria,Lugo,120,0,0,0,25,2,31,28,0,0,0,0,0,3,26,2,1866,498,0,34,2,0,8,6,4,9,2,1,0,0,5,3021,592,22,0,57,5,0,360,39,0,0,0,3795,677,1217,382,613,15,12,64,92
Sedano,Burgos,74,83,0,0,45,0,55,2,0,0,0,0,0,0,45,2,1060,723,0,29,3,1,4,5,4,11,4,15,0,0,0,1871,947,23,0,198,4,0,213,5,0,0,0,2074,302,238,104,160,3,5,47,34
Segorbe,Castellón,88,26,0,19,56,4,89,6,0,0,0,1,5,0,22,23,1118,1131,23,143,24,8,21,10,1,39,6,11,0,0,3,3509,347,94,17,187,8,0,784,11,11,46,332,4269,330,431,108,205,13,5,49,27
Segovia,Segovia,183,116,0,165,465,18,482,31,1,1,0,0,28,4,77,38,3387,2686,19,247,37,111,27,25,11,70,15,55,13,10,5,4421,3642,262,14,1601,146,1,1279,74,6,194,28,4722,1552,1559,168,414,12,6,84,51
Segura,Teruel,72,165,0,0,39,1,63,7,0,0,0,0,0,0,53,32,1771,1207,2,9,0,6,4,0,0,25,7,23,0,0,1,3383,29,23,0,149,13,0,891,10,20,10,0,1515,483,184,128,271,8,5,29,16
Segura de la Sierra,Jaén,22,22,0,0,68,2,23,3,0,0,0,0,0,0,11,8,444,329,0,7,2,0,5,2,3,8,1,3,1,1,0,1648,286,29,3,398,6,0,281,5,0,0,0,2165,1678,294,144,321,13,6,104,77
Seo de Urgel,Lérida,166,16,0,28,85,1,381,4,0,0,0,0,6,5,20,6,707,200,3,154,49,24,17,7,8,23,8,3,13,0,0,2557,346,61,2,240,5,0,791,34,1,1,0,4890,594,772,587,601,28,15,46,17
Sepúlveda,Segovia,73,79,0,0,148,0,48,2,1,0,0,0,0,0,70,20,2270,1488,4,31,13,7,5,8,3,47,11,28,0,3,0,3727,2186,37,2,871,30,0,458,30,1,170,3,2417,1215,1144,198,319,12,13,37,29
Sequeros,Salamanca,60,59,0,15,97,1,87,13,0,0,0,0,0,0,46,23,2275,1436,6,14,6,2,8,9,4,31,8,20,0,0,0,4775,674,30,5,477,8,0,435,0,0,0,0,4045,1069,546,148,263,7,17,68,41
Sevilla,Sevilla,502,209,0,558,1222,279,4230,352,69,210,122,1093,72,22,140,113,3950,2588,180,465,246,181,344,112,31,157,45,38,309,31,34,3623,555,2317,171,7006,557,299,14180,3773,30,2593,1437,14490,4549,5811,141,249,9,8,461,175
Sigüenza,Guadalajara,108,55,0,53,230,14,103,14,0,0,0,0,9,0,65,9,1292,575,30,146,57,13,9,9,5,33,10,17,13,3,1,2428,1805,63,28,564,123,30,619,10,0,284,14,3286,762,631,117,256,9,6,35,16
Solsona,Lérida,190,6,0,34,54,3,46,4,0,0,0,0,4,4,20,13,753,596,0,108,5,6,9,7,4,21,9,7,4,0,0,2432,923,38,6,424,16,0,1252,94,0,33,2,5572,505,846,240,381,16,5,47,37
Sorbas,Almería,27,30,0,0,64,5,106,5,0,0,8,88,0,0,13,17,462,210,4,32,4,4,9,2,4,12,1,9,0,1,6,3416,872,49,28,543,216,0,188,197,36,8,0,3590,989,301,86,395,9,6,58,29
Soria,Soria,156,45,0,35,407,25,181,25,0,0,0,0,9,3,142,16,3373,1975,9,118,9,19,16,9,6,55,17,43,4,3,5,3161,2461,137,7,712,74,0,1015,73,12,41,1,2604,1475,1355,309,590,15,8,93,80
Sort,Lérida,125,5,0,0,82,1,87,8,0,0,0,0,1,10,29,5,808,149,1,32,12,1,9,6,6,25,6,4,15,0,0,1988,99,36,0,240,17,0,801,65,8,0,0,3719,415,524,205,329,48,33,53,32
Sos,Zaragoza,51,34,8,6,63,6,106,6,0,0,0,0,2,0,27,21,1296,979,2,21,1,10,9,3,3,20,10,21,0,0,0,1904,137,59,3,96,4,0,730,10,1,0,0,4772,1095,457,58,174,8,6,42,23
Sueca,Valencia,25,33,2,0,88,3,137,0,0,2,12,147,1,1,11,24,904,1103,4,36,24,4,39,13,4,29,10,11,3,4,10,2653,1326,82,6,940,51,0,542,5,0,116,5,6156,428,842,124,242,16,20,86,41
Tabeiros,Pontevedra,106,0,0,0,23,1,28,9,0,0,0,1,0,1,24,4,565,198,0,16,11,11,17,8,4,16,2,0,0,0,12,6103,196,18,1,130,21,0,1532,96,0,9,4,4165,315,740,309,663,11,10,95,73
Tafalla,Navarra,138,115,0,45,43,0,89,55,0,0,0,0,2,0,45,26,2748,2354,2,58,9,10,19,20,5,38,16,34,24,4,10,3249,958,212,5,350,70,62,1240,84,4,6,0,6573,1712,1280,110,372,12,12,76,34
Talavera de la Reina,Toledo,56,88,0,53,118,13,157,25,1,0,0,0,1,0,38,37,1821,1476,5,4,2,8,17,28,8,37,12,25,8,1,5,2708,364,163,42,523,29,0,1091,36,0,76,5,4618,2530,1118,163,520,14,5,75,59
Tamarite,Huesca,76,23,40,0,170,4,69,8,0,0,0,0,0,0,21,19,1098,806,0,36,20,1,23,8,4,33,9,14,0,1,1,5050,263,65,23,211,4,4,597,5,1,21,0,4560,1004,626,106,284,11,8,81,32
Tarancón,Cuenca,46,21,0,0,101,10,84,8,0,0,0,0,0,0,22,17,1198,940,11,42,15,13,16,15,3,28,12,33,0,0,2,2313,279,53,4,494,45,0,626,14,0,2,0,2823,1684,519,149,481,12,4,50,23
Tarazona,Zaragoza,125,15,0,68,58,3,25,9,0,0,0,0,15,0,19,11,560,358,35,97,57,0,11,6,5,18,3,16,10,0,0,1681,791,66,50,312,122,0,480,13,0,243,114,2613,539,505,74,262,12,3,62,14
Tarragona,Tarragona,146,43,6,125,355,13,1211,63,7,309,110,692,27,3,24,34,1591,1301,143,234,5,13,46,11,8,43,13,4,79,4,1,1737,364,250,5,944,332,20,1974,351,21,73,105,3375,331,1207,60,114,14,5,71,46
Tarrasa,Barcelona,102,33,43,37,82,0,20,11,0,0,1,0,5,12,31,10,2210,1108,37,145,18,2,14,9,4,25,20,18,3,3,3,4761,831,220,432,678,66,54,2962,493,14,4127,3007,6618,462,688,90,156,15,6,99,38
Teruel,Teruel,159,96,5,57,300,12,872,16,0,0,0,0,19,5,51,49,1619,1346,34,196,5,13,27,12,4,37,7,25,0,3,3,3280,798,237,62,801,85,0,1566,232,5,335,93,1983,709,785,155,210,9,25,82,35
Toledo,Toledo,179,62,0,314,422,38,1445,49,0,1,0,0,22,6,28,42,1109,922,29,280,116,16,44,26,6,35,11,25,38,2,4,1041,356,243,14,870,27,22,1585,135,0,478,29,3776,1302,1399,214,365,8,6,176,58
Tolosa,Guipuzcoa,139,125,0,63,270,4,77,23,1,0,0,0,5,8,43,15,2076,1529,28,36,3,40,24,16,3,29,8,13,6,7,25,1555,4011,187,36,752,185,33,1708,620,36,541,485,4044,744,1284,250,295,15,21,92,60
Tordesillas,Valladolid,81,40,0,23,49,5,48,5,0,0,0,0,0,0,42,16,2148,1435,2,48,18,4,27,11,4,38,9,40,0,0,3,1381,1047,97,60,939,53,0,874,4,0,72,2,2513,603,784,171,471,5,7,41,27
Toro,Zamora,89,46,0,92,214,7,67,34,0,0,0,0,3,0,35,18,2106,1453,4,161,0,34,22,13,9,30,4,45,0,1,3,2784,1221,75,28,1010,15,0,1227,221,0,105,0,3138,813,797,214,486,12,3,76,39
Torrecilla de Cameros,Logroño,57,9,0,0,50,2,28,0,0,0,0,0,0,0,30,7,1221,855,0,20,4,0,9,5,3,16,7,18,0,0,0,568,295,52,59,125,4,0,230,17,0,403,178,889,300,365,91,221,6,5,30,21
Torrelaguna,Madrid,39,49,0,4,187,4,365,1,0,0,0,0,0,0,35,3,1276,460,5,13,1,0,5,9,2,39,10,19,0,1,2,2406,497,86,1,448,14,0,475,4,8,68,17,1818,759,453,80,162,5,7,38,27
Torrelavega,Santander,92,13,12,47,55,2,37,15,0,31,16,37,0,0,43,12,2062,1167,7,21,2,13,14,12,4,21,9,8,0,2,0,1379,3419,160,2,134,6,54,661,84,25,16,4,3689,434,889,170,283,8,10,69,32
Torrente,Valencia,49,62,0,0,36,2,17,7,0,0,0,0,0,0,18,15,1223,1384,3,54,7,2,7,8,2,27,6,15,0,4,6,2721,1198,81,29,751,88,3,853,77,0,141,219,6095,319,533,98,243,10,7,48,62
Torrijos,Toledo,62,62,0,33,69,3,81,9,0,0,0,0,0,0,29,28,1534,1158,2,54,4,11,18,15,4,36,10,37,1,3,4,3535,539,106,23,747,20,0,814,2,1,129,12,3945,2456,677,206,566,6,8,82,27
Torrox,Málaga,30,17,1,0,119,4,86,11,0,134,5,27,0,2,11,12,1023,747,5,27,1,3,6,8,4,12,4,8,1,3,1,5272,511,34,21,871,30,0,376,3,39,35,0,4229,144,198,135,315,11,11,45,11
Tortosa,Tarragona,169,47,5,116,250,10,1600,53,3,347,90,404,12,3,39,35,2014,1776,6,156,108,18,36,7,12,62,20,30,35,3,7,8095,41,150,42,897,303,14,2826,77,0,40,18,10016,740,1016,143,249,19,15,145,99
Totana,Murcia,28,21,0,0,79,6,93,16,34,368,10,22,0,0,10,9,916,556,7,25,0,24,12,5,3,16,3,6,4,0,1,2388,1048,85,18,873,18,0,451,50,282,66,0,4228,492,375,68,267,12,8,88,51
Tremp,Lérida,149,3,0,14,68,3,72,15,0,0,0,0,3,0,37,7,946,387,0,22,1,12,13,9,12,32,9,7,17,0,1,3374,77,110,10,146,0,0,994,38,11,8,0,6452,737,753,199,302,24,13,60,27
Trujillo,Cáceres,47,23,0,43,151,5,81,12,0,0,0,1,1,3,24,27,1478,1198,4,26,5,2,14,13,4,22,6,12,0,0,2,2290,335,44,12,384,57,0,635,20,12,33,0,3378,1976,601,82,435,8,9,35,29
Tudela,Navarra,198,66,68,155,40,8,259,26,0,0,0,0,12,1,33,21,1943,1651,41,122,10,4,43,18,5,49,16,40,30,6,16,2600,2261,229,18,532,115,17,1546,143,0,67,200,6822,1610,1570,103,501,12,10,99,49
Tuy,Pontevedra,278,40,0,27,115,14,186,62,11,66,2,12,6,2,48,15,2307,1057,17,120,3,1,18,27,5,25,4,8,15,0,19,7362,313,85,4,397,467,0,925,235,2,22,0,17855,605,970,402,1191,17,10,222,196
Ugíjar,Granada,38,48,0,0,83,2,13,5,0,0,0,0,1,1,18,12,1104,799,1,37,3,11,11,9,4,14,1,11,0,0,1,2364,1358,37,4,417,49,0,407,31,1021,4,0,3265,240,535,170,783,14,9,81,67
Utrera,Sevilla,56,46,0,36,110,11,196,17,0,0,0,0,13,2,10,10,918,818,8,38,7,5,14,15,7,26,6,13,0,14,9,789,895,120,17,590,68,40,1234,284,3,20,0,9263,380,542,75,90,3,2,76,29
Valdeorras,Orense,93,84,0,0,80,1,68,12,0,0,0,0,0,0,25,2,919,199,0,70,0,0,13,6,2,11,2,9,0,0,22,5477,194,36,0,157,49,0,310,96,1,6,0,4838,536,692,968,1283,39,33,72,40
Valdepeñas,Ciudad Real,41,16,0,7,36,15,88,10,1,0,0,0,2,6,14,13,1121,751,9,35,7,7,19,6,4,17,10,29,1,0,7,1877,184,44,6,485,12,0,1114,762,4,21,3,3061,1538,580,96,258,3,0,51,42
Valderrobres,Teruel,57,17,0,0,38,0,41,6,0,0,0,0,1,0,16,18,949,1015,4,13,0,2,18,10,2,21,6,16,0,0,2,3849,96,40,16,172,6,0,655,3,0,51,13,2623,302,349,108,155,7,6,51,16
Valencia,Valencia,524,242,52,645,1457,107,4099,316,90,149,71,2101,92,29,122,152,4093,3316,497,755,431,51,489,70,28,267,45,39,548,53,25,4766,4780,1974,367,5078,3740,151,14332,5706,5,1245,2952,6715,2912,8480,330,821,19,24,379,255
Valencia de Alcántara,Cáceres,20,25,0,0,34,5,46,4,0,0,0,0,0,0,13,10,604,427,0,15,0,0,7,6,4,10,3,8,0,0,0,1035,681,15,7,188,8,0,330,2,2,5,0,1806,872,254,60,145,3,5,16,18
Valencia de Don Juan,León,150,9,0,0,57,4,53,12,0,0,0,0,4,2,69,17,3086,1816,10,171,36,11,18,10,4,38,6,11,0,1,5,5280,2650,40,15,561,12,0,607,15,0,45,1,3230,1163,881,233,484,7,4,33,19
Valladolid,Valladolid,214,16,84,255,834,121,2306,163,1,2,1,4,71,8,56,80,1778,1294,141,396,278,47,247,50,31,91,31,38,83,36,21,2012,409,1024,114,1795,764,12,3436,671,6,1420,422,4185,1173,3348,253,389,22,12,368,61
Valls,Tarragona,81,36,0,59,44,1,41,15,0,0,0,0,3,3,23,17,1535,952,14,54,4,40,16,7,9,33,17,8,8,1,2,3084,348,35,128,314,63,0,1516,187,5,1171,728,4664,219,489,125,341,14,8,66,40
Valmaseda,Vizcaya,108,22,0,64,78,12,149,41,9,0,27,227,1,1,41,19,2043,1169,4,36,10,3,22,15,5,27,11,20,2,21,9,2035,2260,190,23,181,40,0,976,248,35,74,2,4643,492,1119,89,148,16,6,53,30
Valoria la Buena,Valladolid,49,29,0,0,30,0,28,10,0,0,0,0,0,1,29,15,1434,622,3,31,4,3,17,11,4,28,5,35,0,0,5,1829,603,33,0,199,6,4,424,0,5,48,1,2868,426,401,78,168,5,6,30,18
Valverde del Camino,Huelva,54,35,0,26,130,12,128,18,0,0,1,0,1,1,28,11,1501,1074,0,16,1,10,15,5,3,26,4,23,2,6,0,1905,1262,100,3,1177,113,0,770,432,1194,106,4,4915,529,478,128,232,22,14,67,38
Vendrell,Tarragona,53,38,0,12,68,1,78,8,28,182,5,0,0,0,25,14,1349,757,0,26,3,1,5,5,5,24,11,9,0,0,0,2576,104,41,7,304,88,0,1548,165,1,0,2,5572,170,509,39,118,5,1,58,39
Vera,Almería,34,32,0,0,113,15,178,17,3,161,0,48,1,1,12,17,977,688,45,46,10,10,32,9,5,21,2,10,6,0,7,2585,1087,204,12,1152,362,0,954,418,838,203,1,5768,470,765,169,715,21,19,131,93
Vergara,Guipuzcoa,174,67,19,228,221,22,56,16,26,0,4,1,22,9,24,10,1711,1063,262,110,9,36,34,18,4,36,13,12,2,6,17,1524,3386,178,21,372,72,17,3856,1436,85,589,257,6584,480,1175,96,164,16,8,80,44
Verín,Orense,105,9,1,0,56,5,84,19,0,0,0,0,1,0,27,3,905,337,15,16,8,4,13,5,4,10,3,9,4,1,6,14422,12,25,3,97,25,0,506,202,1,8,0,8241,1000,1293,611,649,38,16,87,58
Viana del Bollo,Orense,82,3,0,0,79,2,85,3,0,0,0,0,2,1,32,1,923,144,0,44,5,0,9,6,4,9,3,11,0,0,11,3606,1442,6,3,40,5,0,343,88,0,9,0,2184,435,656,147,351,15,10,40,45
Vich,Barcelona,410,112,17,268,173,2,837,15,0,9,0,0,11,2,40,30,2430,1951,1,307,172,2,25,11,9,53,19,30,47,2,4,2163,1152,106,152,690,160,0,4275,1629,7,1208,791,7846,1945,2170,530,879,33,15,114,113
Viella,Lérida,60,6,0,3,41,1,48,3,0,0,0,0,2,0,21,2,689,95,0,23,0,1,8,3,4,14,9,6,0,2,2,824,5,8,0,67,3,0,285,8,0,0,0,1207,78,107,71,82,16,3,13,6
Vigo,Pontevedra,143,45,0,9,178,26,478,47,68,513,70,656,2,8,36,14,2968,1667,5,55,10,15,25,12,4,36,8,4,1,3,13,9120,489,300,12,568,2055,0,990,490,4,52,95,12973,525,1433,433,879,29,11,214,177
Villacarriedo,Santander,90,6,11,23,26,5,59,7,0,0,0,0,0,0,35,8,1716,599,93,64,0,1,27,9,4,22,8,4,0,0,12,2796,1633,111,3,116,4,0,249,12,6,8,0,2123,271,563,220,271,21,12,111,116
Villacarrillo,Jaén,39,19,2,19,92,4,78,3,0,0,0,0,0,1,13,17,850,974,24,18,4,2,17,8,4,16,4,16,1,6,6,2250,1178,33,7,340,42,0,800,7,6,129,0,4943,1443,609,152,594,13,5,50,21
Villadiego,Burgos,100,80,0,18,60,7,30,2,0,0,0,0,0,0,48,1,1262,863,0,18,7,0,5,7,4,18,2,9,0,0,0,1799,1575,34,2,381,2,3,77,34,1,11,0,2036,743,394,84,113,21,4,30,23
Villafranca del Bierzo,León,117,11,0,35,89,7,88,6,0,0,0,0,2,0,71,7,2424,343,0,58,7,0,20,10,4,14,2,9,5,0,3,3402,815,86,12,176,95,0,478,258,1,26,0,10608,1014,1242,776,1124,94,69,150,93
Villafranca del Penedés,Barcelona,113,20,1,58,147,11,273,16,4,7,4,337,1,1,31,26,2275,1664,8,84,27,15,27,14,11,40,18,19,42,4,7,3418,2346,109,48,864,111,0,3084,461,12,1073,795,7256,777,1450,97,248,22,15,92,49
Villajoyosa,Alicante,36,11,0,0,57,5,78,10,0,332,48,302,0,0,9,16,467,253,4,34,6,21,33,10,4,36,4,5,1,1,1,3424,302,37,1,577,114,0,379,448,1,11,0,2312,121,271,28,43,4,2,47,17
Villalba,Lugo,96,0,0,1,37,0,108,15,0,0,0,0,0,18,22,1,1213,228,0,43,0,0,5,6,4,4,0,1,0,2,10,2677,1130,18,0,201,101,0,179,28,0,0,0,1626,328,650,738,915,12,11,95,56
Villalpando,Zamora,83,48,0,21,109,10,136,7,2,0,0,0,2,0,32,13,2320,1476,2,115,27,4,13,7,4,29,6,26,0,2,4,3047,1321,50,27,682,13,0,477,17,0,7,0,2981,1422,874,194,518,13,9,56,36
Villalón de Campos,Valladolid,107,53,2,33,36,2,64,7,0,0,0,0,2,1,46,17,2397,1574,25,171,12,4,22,21,4,37,5,44,0,6,7,3080,1540,54,26,640,91,1,794,21,0,67,0,2802,1323,1160,214,464,16,14,46,34
Villanueva de la Serena,Badajoz,58,9,0,23,43,1,40,17,0,0,0,0,1,1,12,10,816,627,19,8,0,1,24,6,2,14,8,21,0,7,1,2266,271,20,9,2490,16,0,466,53,0,8,2,11655,820,391,63,187,4,3,32,30
Villanueva de los Infantes,Ciudad Real,32,28,0,0,98,9,33,7,0,0,0,1,0,0,16,19,836,651,1,16,4,4,10,10,4,17,4,22,5,3,1,2005,621,39,3,538,60,0,573,22,0,6,0,2510,1840,377,122,344,2,3,52,33
Villar del Arzobispo,Valencia,24,43,0,0,26,2,15,2,0,0,0,0,0,0,9,12,606,597,0,14,2,0,4,3,3,13,2,9,1,0,2,2056,203,24,3,65,6,0,205,1,2,0,0,2904,260,134,46,47,5,2,40,23
Villarcayo,Burgos,294,362,0,73,51,6,227,23,0,1,0,0,2,0,110,6,3716,2170,0,119,11,6,14,27,2,43,12,44,4,0,1,4201,6450,52,8,525,34,0,395,19,0,26,0,7923,1056,1395,351,383,20,12,109,85
Villareal,Castellón,45,10,0,66,40,0,29,12,0,0,0,1,0,0,10,11,696,555,0,55,0,2,9,5,4,23,5,9,4,0,11,3022,388,80,7,210,2,0,637,2,0,71,0,2556,194,227,65,110,15,5,30,21
Villaviciosa,Oviedo,73,5,0,16,29,2,49,14,2,133,2,5,0,5,46,2,2315,297,1,13,4,0,11,8,4,7,2,0,0,0,2,1340,4089,62,2,105,14,0,416,217,1,2,0,2405,489,730,368,900,21,15,138,81
Villena,Alicante,30,35,0,16,39,4,43,10,0,0,0,1,1,3,12,14,535,580,3,6,1,1,24,8,4,17,1,12,6,2,2,2703,851,39,28,513,84,16,505,47,0,44,0,3648,318,486,50,106,14,10,97,40
Vinaroz,Castellón,47,11,7,1,70,5,112,10,0,0,104,631,0,0,9,12,956,945,1,7,2,24,20,8,4,26,9,10,4,0,4,2722,93,123,7,230,17,0,866,5,0,230,8,4262,156,305,71,156,12,9,45,24
Vitigudino,Salamanca,69,41,0,13,123,1,211,18,0,0,0,0,0,1,59,25,2552,2054,3,47,12,0,10,8,3,36,9,20,0,0,0,5478,2414,121,42,585,44,0,1247,117,0,173,145,5178,1559,600,233,576,15,6,89,56
Vitoria,Álava,427,18,0,174,341,37,1402,110,0,0,0,0,24,3,173,34,4645,3379,29,356,44,50,45,22,6,66,18,56,45,5,5,3572,4932,287,108,798,263,19,3164,418,59,404,29,4990,1546,2210,283,236,22,13,75,42
Viver,Castellón,43,41,0,21,65,0,72,4,0,0,0,0,0,1,25,26,1210,1084,7,31,3,5,11,6,4,32,5,19,0,0,7,5083,116,10,16,388,9,0,409,3,0,3,0,3815,364,217,125,226,13,10,73,21
Vivero,Lugo,78,0,0,22,18,8,83,23,1,257,2,125,0,2,15,5,1016,533,4,24,1,1,10,6,3,9,3,3,0,2,12,1405,4184,111,2,283,527,0,587,24,3,64,47,2837,277,874,219,729,33,11,89,105
Vélez-Málaga,Málaga,53,64,2,51,176,6,143,25,1,74,0,169,1,4,19,15,1461,1157,50,20,2,5,19,29,16,19,6,15,2,9,5,5928,178,163,48,1056,20,0,1022,104,0,12,0,7647,415,534,179,227,24,8,164,34
Vélez-Rubio,Almería,36,24,0,0,77,2,29,9,0,0,0,0,3,1,10,6,400,245,1,40,3,0,19,3,4,11,2,14,0,10,5,1032,1475,44,1,344,4,0,444,65,3,14,3,3243,916,405,140,313,5,3,61,32
Yecla,Murcia,54,20,0,0,70,7,43,44,0,0,0,0,3,0,7,8,587,369,0,67,8,2,23,8,6,17,6,14,1,0,10,1278,784,21,0,338,0,0,600,0,0,0,0,4812,565,337,110,324,18,3,135,40
Yeste,Albacete,23,22,0,0,69,1,60,2,0,0,0,0,0,1,10,11,414,358,0,3,7,1,4,3,10,14,0,3,0,0,0,1432,457,7,0,297,32,0,219,5,5,0,0,2252,660,177,63,490,18,11,108,33
Zafra,Badajoz,66,11,0,63,62,3,580,36,0,0,0,0,1,0,16,16,1646,1398,17,23,4,3,16,7,1,20,6,30,1,10,1,2596,378,110,29,691,42,0,1021,29,0,141,0,5362,235,759,86,327,5,2,76,25
Zamora,Zamora,173,127,1,74,394,50,209,62,1,0,0,0,20,2,65,39,3077,1972,57,279,90,39,59,14,11,47,8,29,20,7,4,3233,1624,150,18,630,82,40,1514,428,5,16,2,4905,1124,1755,288,634,23,10,69,47
Zaragoza,Zaragoza,319,132,47,355,925,181,4465,177,0,0,40,260,78,11,67,58,2873,1573,203,624,587,650,210,37,18,121,36,83,140,18,12,5570,1817,642,93,1024,218,0,3683,771,3,683,187,8957,3244,4552,239,536,24,14,165,58
Ágreda,Soria,114,39,0,42,147,3,81,8,0,0,0,0,0,0,71,8,1952,945,4,56,4,3,5,6,2,29,13,34,0,3,0,3102,1208,47,3,430,37,0,507,46,0,22,28,1916,1501,718,193,433,6,5,76,35
Álora,Málaga,38,24,0,16,89,3,69,1,0,1,0,0,1,3,6,8,785,716,8,19,1,27,7,10,4,7,6,20,0,24,2,4668,1365,30,0,691,137,21,337,57,0,6,0,5812,235,316,45,197,7,6,77,23
Ávila,Ávila,136,91,0,109,337,28,133,21,0,0,0,0,13,1,80,24,2636,1637,76,150,13,12,18,17,5,47,11,16,9,13,6,2306,2252,66,4,1243,32,6,884,117,10,12,0,4518,2480,1241,184,324,11,14,70,36
Écija,Sevilla,64,45,9,116,132,8,120,39,2,0,0,0,10,2,16,20,556,443,3,75,1,0,23,9,5,19,9,15,11,1,10,1281,659,96,10,838,35,1,1612,61,0,0,0,7689,615,1040,99,93,7,11,164,50
Órdenes,Coruña,84,0,0,0,36,0,67,3,0,137,0,0,0,1,29,2,553,87,0,4,2,5,8,6,2,7,0,1,1,0,8,2048,2514,15,0,21,13,0,147,144,0,0,0,11736,746,824,219,550,9,2,56,48
Úbeda,Jaén,70,30,1,49,75,5,71,15,0,0,0,0,1,1,14,10,1174,958,104,18,6,14,18,17,6,17,6,16,6,8,5,1595,819,77,12,445,15,0,740,18,0,253,8,5583,1060,609,117,459,6,4,74,17
